#VRML V2.0 utf8
# 3D model generated by easyeda2kicad.py (https://github.com/uPesy/easyeda2kicad.py)

Shape{
    appearance Appearance {
        material  Material 	{
            diffuseColor 0.6666666666666666 0.6666666666666666 0.6666666666666666
            specularColor 0.4666666666666667 0.4666666666666667 0.4666666666666667
            ambientIntensity 0.6667
            transparency 0.0
            shininess 0.5
        }
    }
    geometry IndexedFaceSet {
        ccw TRUE
        solid FALSE
        coord DEF co Coordinate {
            point [
                -0.1382 -0.1028 0.0197, -0.128 -0.1014 0.0197, -0.0543 -0.2889 0.0197, 0.0489 -0.0921 0.0197, 0.0225 -0.0921 0.0197, 0.4594 0.9996 0.0197, 0.162 -0.123 0.0197, 0.1502 -0.1384 0.0197, -0.1002 0.3799 0.0197, -0.1041 0.3894 0.0197, -0.1103 0.3975 0.0197, -0.1185 0.4038 0.0197, -0.6371 0.4091 0.0197, -0.6371 0.9996 0.0197, -0.1382 0.4091 0.0197, -0.128 0.4077 0.0197, 0.4402 -0.0921 0.0197, 0.3394 -0.0921 0.0197, 0.3442 -0.1785 0.0197, 0.3442 -0.2001 0.0197, 0.2961 -0.2889 0.0197, 0.1419 -0.1575 0.0197, 0.1381 -0.1783 0.0197, 0.1233 -0.2889 0.0197, 0.1377 -0.188 0.0197, -0.1185 -0.0975 0.0197, -0.1103 -0.0912 0.0197, -0.1041 -0.0831 0.0197, 0.4138 -0.1137 0.0197, 0.4138 -0.1785 0.0197, 0.3394 -0.1137 0.0197, 0.2961 -0.0921 0.0197, 0.2406 -0.0921 0.0197, 0.2122 -0.0951 0.0197, 0.1891 -0.1032 0.0197, 0.1696 -0.1159 0.0197, -0.1002 -0.0736 0.0197, -0.0988 -0.0634 0.0197, -0.0988 0.3697 0.0197, 0.1405 -0.2144 0.0197, 0.1475 -0.2349 0.0197, 0.1586 -0.2522 0.0197, 0.1746 -0.2678 0.0197, 0.195 -0.2798 0.0197, 0.2177 -0.2867 0.0197, 0.2426 -0.2889 0.0197, 0.4594 -0.2901 0.0197, 0.4138 -0.2001 0.0197, 0.4138 -0.2673 0.0197, 0.3346 -0.2673 0.0197, 0.3346 -0.2889 0.0197, 0.4402 -0.2889 0.0197, -0.0255 -0.2889 0.0197, 0.0945 -0.2889 0.0197, 0.0757 -0.2337 0.0197, -0.0056 -0.2337 0.0197, 0.4786 -0.2571 0.0197, 0.4786 -0.2787 0.0197, 0.7163 -0.2673 0.0197, 0.6418 -0.2673 0.0197, 0.7163 -0.0921 0.0197, 0.9146 0.4077 0.0197, 0.9051 0.4038 0.0197, 0.897 0.3975 0.0197, 0.5247 -0.1113 0.0197, 0.4821 -0.2591 0.0197, 0.5008 -0.1144 0.0197, 0.4786 -0.1239 0.0197, 0.4786 -0.0975 0.0197, 0.7427 -0.0921 0.0197, 0.8868 0.3799 0.0197, 0.7427 -0.2889 0.0197, 0.8854 0.3697 0.0197, 0.8854 -0.0634 0.0197, 1.4237 0.9996 0.0197, 1.4237 0.4091 0.0197, 0.9248 0.4091 0.0197, 0.8907 0.3894 0.0197, 0.5441 -0.1135 0.0197, 0.5587 -0.1188 0.0197, 0.5727 -0.1281 0.0197, 0.5845 -0.1413 0.0197, 0.5925 -0.1565 0.0197, 0.5978 -0.1778 0.0197, 0.5986 -0.1926 0.0197, 0.5966 -0.2139 0.0197, 0.5913 -0.2308 0.0197, 0.5291 -0.2697 0.0197, 0.574 -0.2542 0.0197, 0.5474 -0.2677 0.0197, 0.5619 -0.2624 0.0197, 0.5831 -0.2445 0.0197, 0.503 -0.2668 0.0197, 0.8868 -0.0736 0.0197, 0.8907 -0.0831 0.0197, 0.897 -0.0912 0.0197, 0.5443 -0.2901 0.0197, 0.6418 -0.2889 0.0197, 0.557 -0.2888 0.0197, 0.5761 -0.2823 0.0197, 0.6029 -0.1252 0.0197, 0.5857 -0.1087 0.0197, 0.5673 -0.098 0.0197, 0.5457 -0.0915 0.0197, 0.5921 -0.272 0.0197, 0.6065 -0.2568 0.0197, 0.617 -0.2383 0.0197, 0.6231 -0.2172 0.0197, 0.9051 -0.0975 0.0197, 0.9146 -0.1014 0.0197, 0.9248 -0.1028 0.0197, 0.625 -0.1942 0.0197, 0.6222 -0.1663 0.0197, 0.6146 -0.1438 0.0197, 0.5249 -0.0897 0.0197, 0.5014 -0.0913 0.0197, 0.4996 -0.2873 0.0197, 0.5195 -0.2901 0.0197, 0.4594 -0.4374 0.0197, 0.5274 -0.2912 0.0197, 0.5328 -0.2913 0.0197, 1.4237 -0.1028 0.0197, 1.4237 -0.2901 0.0197, 1.4237 -0.4374 0.0197, -0.6371 -0.4374 0.0197, -0.6371 -0.2901 0.0197, -0.6371 -0.1028 0.0197, 1.1807 0.7634 0.9843, 1.4957 0.7634 0.9843, 1.6728 0.9996 0.9843, -0.7471 0.6161 0.9843, -0.7431 0.6256 0.9843, -0.8862 0.9996 0.9843, 1.4957 -0.024 0.9843, 1.4943 -0.0342 0.9843, 1.6728 -0.9925 0.9843, -0.6697 -0.0634 0.9843, -0.6799 -0.062 0.9843, -0.8862 -0.9925 0.9843, -0.3954 -0.0342 0.9843, -0.3994 -0.0437 0.9843, 1.1821 -0.0342 0.9843, 1.5311 0.623 0.9843, 1.5341 0.6147 0.9843, 1.4904 -0.0437 0.9843, 1.4841 -0.0519 0.9843, 1.476 -0.0581 0.9843, -0.6894 -0.0581 0.9843, -0.6975 -0.0519 0.9843, -0.7038 -0.0437 0.9843, -0.7369 0.6337 0.9843, -0.7287 0.64 0.9843, -0.7192 0.6439 0.9843, -0.3941 0.7634 0.9843, -0.7091 0.7634 0.9843, -0.7091 0.6453 0.9843, 1.1705 0.6439 0.9843, 1.1807 0.6453 0.9843, -0.7099 0.3884 0.9843, -0.7125 0.3963 0.9843, -0.7091 0.3802 0.9843, -0.7091 -0.024 0.9843, -0.36 0.4287 0.9843, -0.3663 0.4206 0.9843, -0.3985 -0.9905 0.9843, -0.3842 -0.9846 0.9843, -0.4335 -0.0634 0.9843, -0.372 -0.9752 0.9843, -0.3547 -0.776 0.9843, -0.0442 -0.7189 0.9843, -0.0299 -0.7248 0.9843, -0.4138 -0.0581 0.9843, 1.5128 0.6414 0.9843, 1.5202 0.6367 0.9843, 1.5265 0.6305 0.9843, 1.5316 0.4324 0.9843, 1.5275 0.4253 0.9843, -0.4138 -0.9925 0.9843, -0.745 0.4324 0.9843, -0.7409 0.4253 0.9843, -0.7354 0.4192 0.9843, -0.3744 0.64 0.9843, -0.3839 0.6439 0.9843, -0.3941 0.6453 0.9843, -0.3941 -0.024 0.9843, 0.789 -0.7607 0.9843, 0.7949 -0.7465 0.9843, 1.4957 0.6453 0.9843, 1.5044 0.6443 0.9843, -0.7166 0.4034 0.9843, -0.7221 0.4095 0.9843, -0.7287 0.4143 0.9843, -0.7476 0.4402 0.9843, -0.7484 0.4484 0.9843, -0.7484 0.6059 0.9843, 0.787 -0.7917 0.9843, 0.787 -0.776 0.9843, -0.4056 -0.0519 0.9843, 1.535 0.6059 0.9843, 1.535 0.4484 0.9843, 1.5342 0.4402 0.9843, 0.8165 -0.7248 0.9843, 1.2004 -0.0581 0.9843, 0.8043 -0.7342 0.9843, 1.1922 -0.0519 0.9843, 1.186 -0.0437 0.9843, 1.124 -0.7342 0.9843, 1.1334 -0.7465 0.9843, 1.4563 -0.0634 0.9843, 1.4665 -0.062 0.9843, 1.161 0.4143 0.9843, 1.1529 0.4206 0.9843, -0.3561 0.4382 0.9843, -0.3626 -0.963 0.9843, -0.3567 -0.9487 0.9843, -0.3547 -0.9335 0.9843, -0.3527 -0.7607 0.9843, -0.3468 -0.7465 0.9843, -0.3374 -0.7342 0.9843, -0.0177 -0.7342 0.9843, -0.0083 -0.7465 0.9843, -0.0024 -0.7607 0.9843, -0.0004 -0.776 0.9843, -0.0004 -0.7917 0.9843, 1.5087 0.4095 0.9843, 1.5032 0.4034 0.9843, 1.4991 0.3963 0.9843, 1.522 0.4192 0.9843, 1.5154 0.4143 0.9843, 1.4957 0.3802 0.9843, -0.7077 -0.0342 0.9843, 0.8308 -0.7189 0.9843, 0.8461 -0.7169 0.9843, 1.2099 -0.062 0.9843, 1.0823 -0.7169 0.9843, 1.2201 -0.0634 0.9843, 1.0976 -0.7189 0.9843, 1.1118 -0.7248 0.9843, 1.1466 0.6256 0.9843, 1.1529 0.6337 0.9843, 1.161 0.64 0.9843, 1.4965 0.3884 0.9843, 1.1434 -0.9487 0.9843, 1.1493 -0.963 0.9843, 1.2004 -0.9925 0.9843, -0.3252 -0.7248 0.9843, -0.311 -0.7189 0.9843, -0.4233 -0.062 0.9843, -0.2957 -0.7169 0.9843, -0.0594 -0.7169 0.9843, 1.1393 -0.7607 0.9843, 1.1413 -0.776 0.9843, 1.1413 -0.9335 0.9843, -0.3744 0.4143 0.9843, -0.3826 0.4081 0.9843, -0.3888 0.3999 0.9843, -0.3928 0.3904 0.9843, -0.3941 0.3802 0.9843, 1.1586 -0.9752 0.9843, 1.1709 -0.9846 0.9843, 1.1851 -0.9905 0.9843, 1.1807 -0.024 0.9843, 1.1807 0.3802 0.9843, 1.1692 0.4081 0.9843, 1.1794 0.3904 0.9843, 1.1754 0.3999 0.9843, -0.3663 0.6337 0.9843, -0.36 0.6256 0.9843, 1.1427 0.6161 0.9843, -0.3561 0.6161 0.9843, -0.3547 0.6059 0.9843, 1.1466 0.4287 0.9843, 1.1427 0.4382 0.9843, -0.3547 0.4484 0.9843, 1.1413 0.4484 0.9843, 1.1413 0.6059 0.9843, -0.7091 0.7634 0.8661, -0.8862 0.9996 0.8661, -0.3941 0.7634 0.8661, 1.6728 0.9996 0.8661, -0.3663 0.6337 0.8661, -0.3744 0.64 0.8661, -0.3839 0.6439 0.8661, -0.3941 0.6453 0.8661, 1.1807 0.7634 0.8661, 1.1807 0.6453 0.8661, 1.1705 0.6439 0.8661, 1.1807 -0.024 0.8661, 1.1821 -0.0342 0.8661, -0.3252 -0.7248 0.8661, -0.7038 -0.0437 0.8661, -0.3468 -0.7465 0.8661, -0.3527 -0.7607 0.8661, -0.4138 -0.0581 0.8661, -0.4056 -0.0519 0.8661, -0.3888 0.3999 0.8661, -0.3826 0.4081 0.8661, -0.3744 0.4143 0.8661, -0.36 0.6256 0.8661, -0.8862 -0.9925 0.8661, -0.7077 -0.0342 0.8661, -0.3941 -0.024 0.8661, -0.3663 0.4206 0.8661, -0.36 0.4287 0.8661, -0.3547 0.4484 0.8661, -0.3547 0.6059 0.8661, -0.3561 0.6161 0.8661, -0.7091 0.6453 0.8661, -0.7192 0.6439 0.8661, -0.7287 0.64 0.8661, -0.7369 0.6337 0.8661, -0.7431 0.6256 0.8661, -0.7471 0.6161 0.8661, -0.3547 -0.776 0.8661, -0.3547 -0.9335 0.8661, -0.0442 -0.7189 0.8661, -0.0594 -0.7169 0.8661, 0.7949 -0.7465 0.8661, 0.789 -0.7607 0.8661, -0.0004 -0.7917 0.8661, 0.787 -0.776 0.8661, 0.787 -0.7917 0.8661, 1.4665 -0.062 0.8661, 1.476 -0.0581 0.8661, 1.6728 -0.9925 0.8661, 1.4841 -0.0519 0.8661, 1.4904 -0.0437 0.8661, -0.3928 0.3904 0.8661, -0.3994 -0.0437 0.8661, -0.3954 -0.0342 0.8661, -0.3561 0.4382 0.8661, -0.3374 -0.7342 0.8661, -0.6975 -0.0519 0.8661, -0.6894 -0.0581 0.8661, -0.6799 -0.062 0.8661, 1.1807 0.3802 0.8661, -0.2957 -0.7169 0.8661, -0.311 -0.7189 0.8661, 1.124 -0.7342 0.8661, 1.1118 -0.7248 0.8661, -0.3941 0.3802 0.8661, 1.1427 0.6161 0.8661, 1.1413 0.6059 0.8661, 0.8461 -0.7169 0.8661, 0.8308 -0.7189 0.8661, 1.2004 -0.0581 0.8661, 0.8165 -0.7248 0.8661, 0.8043 -0.7342 0.8661, 1.535 0.6059 0.8661, 1.5341 0.6147 0.8661, 1.5311 0.623 0.8661, 1.5265 0.6305 0.8661, 1.161 0.64 0.8661, 1.1529 0.6337 0.8661, 1.1466 0.6256 0.8661, -0.3842 -0.9846 0.8661, -0.3985 -0.9905 0.8661, -0.4138 -0.9925 0.8661, -0.0004 -0.776 0.8661, -0.0024 -0.7607 0.8661, 1.1922 -0.0519 0.8661, -0.0083 -0.7465 0.8661, 1.186 -0.0437 0.8661, -0.0177 -0.7342 0.8661, -0.0299 -0.7248 0.8661, 1.0823 -0.7169 0.8661, 1.2099 -0.062 0.8661, 1.0976 -0.7189 0.8661, 1.2201 -0.0634 0.8661, 1.4563 -0.0634 0.8661, 1.522 0.4192 0.8661, 1.5275 0.4253 0.8661, 1.1413 0.4484 0.8661, 1.1427 0.4382 0.8661, -0.4233 -0.062 0.8661, 1.1466 0.4287 0.8661, -0.6697 -0.0634 0.8661, -0.4335 -0.0634 0.8661, 1.1529 0.4206 0.8661, 1.161 0.4143 0.8661, 1.1692 0.4081 0.8661, -0.7484 0.6059 0.8661, -0.7484 0.4484 0.8661, -0.7476 0.4402 0.8661, -0.745 0.4324 0.8661, -0.7409 0.4253 0.8661, -0.7354 0.4192 0.8661, -0.7287 0.4143 0.8661, -0.372 -0.9752 0.8661, -0.3567 -0.9487 0.8661, -0.3626 -0.963 0.8661, 1.1434 -0.9487 0.8661, 1.1413 -0.9335 0.8661, 1.2004 -0.9925 0.8661, 1.1413 -0.776 0.8661, 1.1393 -0.7607 0.8661, 1.1334 -0.7465 0.8661, 1.4965 0.3884 0.8661, 1.4991 0.3963 0.8661, 1.4957 0.3802 0.8661, 1.4957 -0.024 0.8661, 1.5316 0.4324 0.8661, 1.5342 0.4402 0.8661, 1.535 0.4484 0.8661, 1.5202 0.6367 0.8661, 1.5128 0.6414 0.8661, 1.5044 0.6443 0.8661, -0.7125 0.3963 0.8661, -0.7099 0.3884 0.8661, -0.7091 0.3802 0.8661, 1.1851 -0.9905 0.8661, 1.1709 -0.9846 0.8661, 1.1586 -0.9752 0.8661, 1.4957 0.7634 0.8661, 1.4957 0.6453 0.8661, 1.1754 0.3999 0.8661, 1.1794 0.3904 0.8661, 1.5032 0.4034 0.8661, 1.5087 0.4095 0.8661, 1.5154 0.4143 0.8661, -0.7166 0.4034 0.8661, 1.1493 -0.963 0.8661, -0.7091 -0.024 0.8661, -0.7221 0.4095 0.8661, 1.4943 -0.0342 0.8661, 1.4957 0.6453 0.8995, 1.4957 0.6513 0.8959, 1.4957 0.7054 0.8737, 1.1807 0.7054 0.8737, 1.1807 0.6513 0.8959, 1.1807 0.6453 0.8995, -0.9037 -0.9925 0.8642, -0.93 -0.9925 0.9793, -0.9204 -0.9925 0.8583, -0.9716 -0.9925 0.9648, -0.9353 -0.9925 0.849, -1.009 -0.9925 0.9413, -0.9478 -0.9925 0.8365, -1.0401 -0.9925 0.9101, -0.9572 -0.9925 0.8216, -1.0636 -0.9925 0.8728, -0.963 -0.9925 0.8049, -1.0781 -0.9925 0.8312, -0.965 -0.9925 0.7874, -1.0831 -0.9925 0.7874, -0.965 -0.9925 0.4657, -1.0831 -0.9925 0.4657, -0.9634 -0.9925 0.4503, -1.0793 -0.9925 0.4273, -0.959 -0.9925 0.4356, -1.0681 -0.9925 0.3904, -0.9517 -0.9925 0.4219, -1.0499 -0.9925 0.3563, -0.9419 -0.9925 0.41, -1.0254 -0.9925 0.3265, -0.8238 -0.9925 0.2919, -0.9073 -0.9925 0.2084, -0.9188 -0.6736 0.3869, -0.8238 -0.6736 0.2919, -0.9073 -0.6736 0.2084, -1.0254 -0.6736 0.3265, -1.0499 -0.6736 0.3563, -1.0666 -0.6736 0.3869, 1.8697 0.9996 0.4657, 1.8697 0.4091 0.4657, 1.8659 0.4091 0.4273, 1.8659 0.9996 0.4273, 1.8547 0.4091 0.3904, 1.8547 0.9996 0.3904, 1.8365 0.4091 0.3563, 1.8365 0.9996 0.3563, 1.812 0.4091 0.3265, 1.812 0.9996 0.3265, 1.812 -0.4374 0.3265, 1.812 -0.1028 0.3265, 1.8365 -0.1028 0.3563, 1.8547 -0.1028 0.3904, 1.8533 -0.4374 0.3869, 1.8365 -0.4374 0.3563, 1.8657 -0.4479 0.4263, 1.8636 -0.4434 0.417, 1.8659 -0.1028 0.4273, 1.8608 -0.4401 0.4073, 1.8547 -0.4375 0.3904, 1.8697 -0.1028 0.4657, 1.8697 -0.5161 0.4657, 1.8697 -0.5058 0.465, 1.8697 -0.4958 0.463, 1.8696 -0.486 0.4597, 1.8694 -0.4768 0.4551, 1.869 -0.4682 0.4494, 1.8683 -0.4605 0.4426, 1.8659 -0.4485 0.4273, 1.5629 0.9996 0.0773, 1.5629 0.4091 0.0773, 1.5629 -0.4374 0.0773, 1.5629 -0.1028 0.0773, 1.5331 0.4091 0.0529, 1.5331 0.9996 0.0529, 1.499 0.4091 0.0347, 1.499 0.9996 0.0347, 1.4621 0.4091 0.0235, 1.4621 0.9996 0.0235, 1.5331 -0.4374 0.0529, 1.4621 -0.4374 0.0235, 1.5331 -0.1028 0.0529, 1.499 -0.4374 0.0347, 1.499 -0.1028 0.0347, 1.4621 -0.1028 0.0235, 1.7285 0.9996 0.41, 1.7285 0.4091 0.41, 1.7383 0.9996 0.4219, 1.7383 0.4091 0.4219, 1.7456 0.9996 0.4356, 1.7456 0.4091 0.4356, 1.7501 0.9996 0.4503, 1.7501 0.4091 0.4503, 1.7516 0.9996 0.4657, 1.7516 0.4091 0.4657, 1.7501 -0.1028 0.4503, 1.7501 -0.4694 0.4503, 1.7516 -0.1028 0.4657, 1.7507 -0.477 0.4546, 1.7513 -0.486 0.4597, 1.7515 -0.4958 0.463, 1.7516 -0.5058 0.465, 1.7516 -0.5161 0.4657, 1.7383 -0.4456 0.4219, 1.741 -0.4479 0.4263, 1.7456 -0.1028 0.4356, 1.7456 -0.4542 0.4356, 1.7481 -0.4605 0.4426, 1.7383 -0.1028 0.4219, 1.7285 -0.1028 0.41, 1.7285 -0.4409 0.41, 1.4794 0.4091 0.1609, 1.4794 0.9996 0.1609, 1.4794 -0.1028 0.1609, 1.4794 -0.4374 0.1609, 1.7055 -0.4374 0.3869, 1.7258 -0.4404 0.4073, 1.4237 0.9996 0.1378, 1.4237 0.4091 0.1378, 1.439 0.9996 0.1393, 1.439 0.4091 0.1393, 1.4538 0.9996 0.1438, 1.4538 0.4091 0.1438, 1.4674 0.9996 0.1511, 1.4674 0.4091 0.1511, 1.4237 -0.1028 0.1378, 1.4237 -0.4374 0.1378, 1.439 -0.1028 0.1393, 1.439 -0.4374 0.1393, 1.4538 -0.1028 0.1438, 1.4538 -0.4374 0.1438, 1.4674 -0.1028 0.1511, 1.4674 -0.4374 0.1511, 0.9146 -0.1014 0.1378, -0.6371 -0.4374 0.1378, 0.9248 -0.1028 0.1378, 0.9051 -0.0975 0.1378, 0.897 -0.0912 0.1378, 0.8907 -0.0831 0.1378, -0.6371 0.9996 0.1378, 0.8868 0.3799 0.1378, 0.8907 0.3894 0.1378, 0.9248 0.4091 0.1378, 0.897 0.3975 0.1378, 0.9051 0.4038 0.1378, 0.9146 0.4077 0.1378, -0.6371 0.4091 0.1378, -0.1382 0.4091 0.1378, -0.128 0.4077 0.1378, -0.1185 0.4038 0.1378, -0.1103 0.3975 0.1378, -0.0988 -0.0634 0.1378, -0.1002 -0.0736 0.1378, 0.8854 -0.0634 0.1378, -0.1041 -0.0831 0.1378, -0.1103 -0.0912 0.1378, -0.1185 -0.0975 0.1378, -0.128 -0.1014 0.1378, -0.1382 -0.1028 0.1378, -0.6371 -0.1028 0.1378, -0.1041 0.3894 0.1378, -0.1002 0.3799 0.1378, -0.0988 0.3697 0.1378, 0.8868 -0.0736 0.1378, 0.8854 0.3697 0.1378, 1.8697 0.3418 0.5003, 1.8697 -0.9925 0.7874, 1.8697 0.3356 0.4921, 1.8697 0.3317 0.4826, 1.8697 -0.9925 0.4657, 1.8697 -0.1028 0.4724, 1.8697 -0.1014 0.4826, 1.8697 -0.0975 0.4921, 1.8697 -0.0355 0.5003, 1.8697 -0.0293 0.4921, 1.8697 -0.0254 0.4826, 1.8697 -0.024 0.4724, 1.8697 0.3303 0.4724, 1.8697 0.3799 0.5105, 1.8697 0.3894 0.5065, 1.8697 0.9996 0.7874, 1.8697 0.3975 0.5003, 1.8697 -0.5949 0.4657, 1.8697 0.4038 0.4921, 1.8697 0.4077 0.4826, 1.8697 0.4091 0.4724, 1.8697 -0.0912 0.5003, 1.8697 -0.0831 0.5065, 1.8697 -0.0736 0.5105, 1.8697 0.35 0.5065, 1.8697 0.3595 0.5105, 1.8697 0.3697 0.5118, 1.8697 -0.0634 0.5118, 1.8697 -0.0532 0.5105, 1.8697 -0.0437 0.5065, 1.8697 -0.018 -0.223, 1.8697 -0.0003 -0.2657, 1.8697 0.3303 -0.1772, 1.8697 -0.024 -0.1772, 1.8697 0.0279 -0.3024, 1.8697 0.0646 -0.3306, 1.8697 0.1073 -0.3483, 1.8697 0.3066 -0.2657, 1.8697 0.3243 -0.223, 1.8697 0.2784 -0.3024, 1.8697 0.2417 -0.3306, 1.8697 0.1532 -0.3543, 1.8697 0.199 -0.3483, 1.7516 -0.1028 0.4724, 1.7516 0.4077 0.4826, 1.7516 0.9996 0.7874, 1.7516 0.4091 0.4724, 1.7516 -0.0355 0.5003, 1.7516 0.3317 0.4826, 1.7516 -0.0293 0.4921, 1.7516 -0.0254 0.4826, 1.7516 -0.0736 0.5105, 1.7516 -0.0831 0.5065, 1.7516 -0.9925 0.7874, 1.7516 -0.0912 0.5003, 1.7516 -0.0975 0.4921, 1.7516 -0.1014 0.4826, 1.7516 -0.9925 0.4657, 1.7516 -0.5949 0.4657, 1.7516 0.35 0.5065, 1.7516 0.3418 0.5003, 1.7516 0.3356 0.4921, 1.7516 0.4038 0.4921, 1.7516 0.3975 0.5003, 1.7516 0.3894 0.5065, 1.7516 0.3799 0.5105, 1.7516 0.3697 0.5118, 1.7516 0.3595 0.5105, 1.7516 -0.024 0.4724, 1.7516 0.3303 0.4724, 1.7516 -0.024 -0.1772, 1.7516 0.3303 -0.1772, 1.7516 -0.018 -0.223, 1.7516 -0.0437 0.5065, 1.7516 -0.0532 0.5105, 1.7516 -0.0634 0.5118, 1.7516 0.1073 -0.3483, 1.7516 0.0646 -0.3306, 1.7516 0.0279 -0.3024, 1.7516 -0.0003 -0.2657, 1.7516 0.3243 -0.223, 1.7516 0.199 -0.3483, 1.7516 0.1532 -0.3543, 1.7516 0.3066 -0.2657, 1.7516 0.2784 -0.3024, 1.7516 0.2417 -0.3306, -1.0254 -0.1028 0.3265, -1.0254 -0.4374 0.3265, -1.0499 -0.4374 0.3563, -1.0666 -0.4374 0.3869, -1.0681 -0.4375 0.3904, -1.0681 -0.1028 0.3904, -1.0824 -0.4682 0.4494, -1.0828 -0.4768 0.4551, -1.0831 -0.1028 0.4657, -1.083 -0.486 0.4597, -1.083 -0.4958 0.463, -1.0831 -0.5059 0.465, -1.0831 -0.5161 0.4657, -1.0793 -0.1028 0.4273, -1.0742 -0.4401 0.4073, -1.077 -0.4434 0.4171, -1.0791 -0.448 0.4263, -1.0793 -0.4485 0.4273, -1.0817 -0.4605 0.4426, -1.0499 -0.1028 0.3563, -0.6755 -0.4374 0.0235, -0.6755 -0.1028 0.0235, -0.7124 -0.4374 0.0347, -0.7124 -0.1028 0.0347, -0.7464 -0.4374 0.0529, -0.7464 -0.1028 0.0529, -0.7763 -0.4374 0.0773, -0.7763 -0.1028 0.0773, -0.9419 -0.4409 0.41, -0.9419 -0.1028 0.41, -0.9517 -0.1028 0.4219, -0.959 -0.1028 0.4356, -0.9544 -0.4479 0.4263, -0.9517 -0.4456 0.4219, -0.9634 -0.1028 0.4503, -0.9615 -0.4605 0.4426, -0.959 -0.4542 0.4356, -0.9649 -0.4958 0.463, -0.965 -0.1028 0.4657, -0.965 -0.5059 0.465, -0.965 -0.5161 0.4657, -0.9647 -0.486 0.4597, -0.9642 -0.4768 0.4551, -0.9634 -0.4694 0.4503, -0.6927 -0.1028 0.1609, -0.6927 -0.4374 0.1609, -0.6808 -0.1028 0.1511, -0.6808 -0.4374 0.1511, -0.6672 -0.1028 0.1438, -0.6672 -0.4374 0.1438, -0.6524 -0.1028 0.1393, -0.6524 -0.4374 0.1393, -0.9188 -0.4374 0.3869, -0.9392 -0.4404 0.4073, -1.0791 -0.6631 0.4263, -1.077 -0.6676 0.417, -1.0742 -0.6709 0.4073, -1.0681 -0.6735 0.3904, -1.0831 -0.5949 0.4657, -1.0831 -0.6052 0.465, -1.083 -0.6153 0.463, -1.083 -0.625 0.4597, -1.0828 -0.6342 0.4551, -1.0824 -0.6428 0.4494, -1.0817 -0.6506 0.4426, -1.0793 -0.6625 0.4273, -0.853 -0.7348 0.1541, -0.8516 -0.7524 0.1527, -0.8831 -0.6814 0.1842, -0.8726 -0.6908 0.1737, -0.8638 -0.7033 0.1649, -0.8949 -0.6756 0.196, -0.8535 -0.9342 0.1546, -0.8591 -0.9531 0.1602, -0.8571 -0.7182 0.1582, -0.8516 -0.9138 0.1527, -0.8679 -0.9695 0.169, -0.8795 -0.982 0.1805, -0.8929 -0.9898 0.194, -0.9634 -0.6416 0.4503, -0.964 -0.634 0.4546, -0.9647 -0.6251 0.4597, -0.9649 -0.6153 0.463, -0.965 -0.6052 0.465, -0.965 -0.5949 0.4657, -0.9517 -0.6654 0.4219, -0.9544 -0.6631 0.4263, -0.959 -0.6568 0.4356, -0.9615 -0.6506 0.4426, -0.9419 -0.6702 0.41, -0.9392 -0.6706 0.4073, -0.7681 -0.7524 0.2362, -0.7891 -0.6908 0.2572, -0.7996 -0.6814 0.2677, -0.8094 -0.9898 0.2775, -0.7959 -0.982 0.2641, -0.7695 -0.7348 0.2376, -0.7736 -0.7182 0.2417, -0.7803 -0.7033 0.2484, -0.8114 -0.6756 0.2795, -0.7681 -0.9138 0.2362, -0.77 -0.9342 0.2381, -0.7844 -0.9695 0.2525, -0.7756 -0.9531 0.2437, -0.6524 0.9996 0.1393, -0.6755 0.9996 0.0235, -0.6672 0.9996 0.1438, -0.7124 0.9996 0.0347, -0.6808 0.9996 0.1511, -0.7464 0.9996 0.0529, -0.6927 0.9996 0.1609, -0.7763 0.9996 0.0773, -0.9419 0.9996 0.41, -1.0254 0.9996 0.3265, -0.9517 0.9996 0.4219, -1.0499 0.9996 0.3563, -0.959 0.9996 0.4356, -1.0681 0.9996 0.3904, -0.9634 0.9996 0.4503, -1.0793 0.9996 0.4273, -0.965 0.9996 0.4657, -1.0831 0.9996 0.4657, -0.965 0.9996 0.7874, -1.0831 0.9996 0.7874, -0.963 0.9996 0.8049, -1.0781 0.9996 0.8312, -0.9572 0.9996 0.8216, -1.0636 0.9996 0.8728, -0.9478 0.9996 0.8365, -1.0401 0.9996 0.9101, -0.9353 0.9996 0.849, -1.009 0.9996 0.9413, -0.9204 0.9996 0.8583, -0.9716 0.9996 0.9648, -0.9037 0.9996 0.8642, -0.93 0.9996 0.9793, 1.6904 0.9996 0.8642, 1.7166 0.9996 0.9793, 1.707 0.9996 0.8583, 1.7582 0.9996 0.9648, 1.7219 0.9996 0.849, 1.7956 0.9996 0.9413, 1.7344 0.9996 0.8365, 1.8267 0.9996 0.9101, 1.7438 0.9996 0.8216, 1.8502 0.9996 0.8728, 1.7496 0.9996 0.8049, 1.8648 0.9996 0.8312, 1.6104 -0.9925 0.2919, 1.6939 -0.9925 0.2084, 1.7285 -0.9925 0.41, 1.812 -0.9925 0.3265, 1.7383 -0.9925 0.4219, 1.8365 -0.9925 0.3563, 1.7456 -0.9925 0.4356, 1.8547 -0.9925 0.3904, 1.7501 -0.9925 0.4503, 1.8659 -0.9925 0.4273, 1.7496 -0.9925 0.8049, 1.8648 -0.9925 0.8312, 1.7438 -0.9925 0.8216, 1.8502 -0.9925 0.8728, 1.7344 -0.9925 0.8365, 1.8267 -0.9925 0.9101, 1.7219 -0.9925 0.849, 1.7956 -0.9925 0.9413, 1.707 -0.9925 0.8583, 1.7582 -0.9925 0.9648, 1.6904 -0.9925 0.8642, 1.7166 -0.9925 0.9793, -1.0254 0.4091 0.3265, -1.0499 0.4091 0.3563, -1.0681 0.4091 0.3904, -1.0793 0.4091 0.4273, -1.0831 0.4091 0.4657, -1.0831 -0.0293 0.4921, -1.0831 -0.0355 0.5003, -1.0831 0.3317 0.4826, -1.0831 -0.1028 0.4724, -1.0831 0.35 0.5065, -1.0831 0.3418 0.5003, -1.0831 0.3356 0.4921, -1.0831 -0.0736 0.5105, -1.0831 -0.0831 0.5065, -1.0831 -0.1014 0.4826, -1.0831 0.4077 0.4826, -1.0831 0.4038 0.4921, -1.0831 0.3975 0.5003, -1.0831 0.3894 0.5065, -1.0831 -0.0912 0.5003, -1.0831 -0.0975 0.4921, -1.0831 0.4091 0.4724, -1.0831 0.3799 0.5105, -1.0831 0.3697 0.5118, -1.0831 0.3595 0.5105, -1.0831 0.3303 -0.1772, -1.0831 -0.024 -0.1772, -1.0831 0.3303 0.4724, -1.0831 -0.024 0.4724, -1.0831 -0.0254 0.4826, -1.0831 -0.0437 0.5065, -1.0831 -0.0532 0.5105, -1.0831 -0.0634 0.5118, -1.0831 0.3243 -0.223, -1.0831 -0.0003 -0.2657, -1.0831 -0.018 -0.223, -1.0831 0.3066 -0.2657, -1.0831 0.2784 -0.3024, -1.0831 0.2417 -0.3306, -1.0831 0.0279 -0.3024, -1.0831 0.0646 -0.3306, -1.0831 0.1073 -0.3483, -1.0831 0.199 -0.3483, -1.0831 0.1532 -0.3543, 1.869 -0.6428 0.4494, 1.8694 -0.6342 0.4551, 1.8696 -0.625 0.4597, 1.8697 -0.6153 0.463, 1.8697 -0.6052 0.465, 1.8636 -0.6676 0.4171, 1.8657 -0.663 0.4263, 1.8659 -0.6625 0.4273, 1.8683 -0.6506 0.4426, 1.8365 -0.6736 0.3563, 1.8533 -0.6736 0.3869, 1.8547 -0.6735 0.3904, 1.8608 -0.6709 0.4073, 1.812 -0.6736 0.3265, 1.6795 -0.6763 0.194, 1.6939 -0.6736 0.2084, 1.6382 -0.7524 0.1527, 1.6382 -0.9138 0.1527, 1.6457 -0.713 0.1602, 1.6546 -0.6967 0.169, 1.6661 -0.6842 0.1805, 1.6401 -0.732 0.1546, 1.6457 -0.9531 0.1602, 1.6795 -0.9898 0.194, 1.6546 -0.9695 0.169, 1.6661 -0.982 0.1805, 1.6401 -0.9342 0.1546, -0.6755 0.4091 0.0235, -0.7124 0.4091 0.0347, -0.7464 0.4091 0.0529, -0.7763 0.4091 0.0773, -0.965 0.4091 0.4657, -0.9634 0.4091 0.4503, -0.959 0.4091 0.4356, -0.9517 0.4091 0.4219, -0.9419 0.4091 0.41, -0.965 -0.1014 0.4826, -0.965 -0.0975 0.4921, -0.965 -0.1028 0.4724, -0.965 0.3317 0.4826, -0.965 -0.0355 0.5003, -0.965 -0.0293 0.4921, -0.965 -0.0254 0.4826, -0.965 -0.024 0.4724, -0.965 0.3303 0.4724, -0.965 0.3418 0.5003, -0.965 0.3356 0.4921, -0.965 0.3799 0.5105, -0.965 0.3894 0.5065, -0.965 0.3975 0.5003, -0.965 -0.0912 0.5003, -0.965 -0.0831 0.5065, -0.965 -0.0736 0.5105, -0.965 0.35 0.5065, -0.965 0.3595 0.5105, -0.965 0.3697 0.5118, -0.965 -0.0634 0.5118, -0.965 -0.0532 0.5105, -0.965 -0.0437 0.5065, -0.965 -0.018 -0.223, -0.965 -0.0003 -0.2657, -0.965 0.3303 -0.1772, -0.965 0.4038 0.4921, -0.965 0.4077 0.4826, -0.965 0.4091 0.4724, -0.965 -0.024 -0.1772, -0.965 0.0279 -0.3024, -0.965 0.0646 -0.3306, -0.965 0.1073 -0.3483, -0.965 0.1532 -0.3543, -0.965 0.199 -0.3483, -0.965 0.2417 -0.3306, -0.965 0.2784 -0.3024, -0.965 0.3066 -0.2657, -0.965 0.3243 -0.223, 1.7285 -0.6702 0.41, 1.741 -0.6631 0.4263, 1.7383 -0.6654 0.4219, 1.7481 -0.6506 0.4426, 1.7456 -0.6568 0.4356, 1.7515 -0.6153 0.463, 1.7516 -0.6052 0.465, 1.7513 -0.625 0.4597, 1.7509 -0.6342 0.4551, 1.7501 -0.6416 0.4503, 1.7258 -0.6706 0.4073, 1.7055 -0.6736 0.3869, 1.6104 -0.6736 0.2919, 1.5826 -0.6842 0.2641, 1.571 -0.6967 0.2525, 1.5622 -0.713 0.2437, 1.5547 -0.7524 0.2362, 1.5547 -0.9138 0.2362, 1.596 -0.9898 0.2775, 1.596 -0.6763 0.2775, 1.5566 -0.732 0.2381, 1.5566 -0.9342 0.2381, 1.5622 -0.9531 0.2437, 1.571 -0.9695 0.2525, 1.5826 -0.982 0.2641, -0.6927 0.4091 0.1609, -0.6808 0.4091 0.1511, -0.6672 0.4091 0.1438, -0.6524 0.4091 0.1393, 0.7889 -0.8311 0.5703, 0.7944 -0.8311 0.5564, -0.0166 -0.8311 0.5444, 0.8032 -0.8311 0.5444, 0.8912 -0.8311 0.2653, 0.8813 -0.8311 0.2679, 0.871 -0.8311 0.2688, -0.0844 -0.8311 0.2688, -0.4846 -0.8311 0.0378, -0.6303 -0.8311 0.156, -0.4752 -0.8311 0.05, -0.6283 -0.8311 0.1713, -0.0997 -0.8311 0.2668, -0.1139 -0.8311 0.2609, -0.6008 -0.8311 0.2071, -0.463 -0.8311 0.0594, -0.613 -0.8311 0.1978, -0.6224 -0.8311 0.1855, 1.3996 -0.8311 0.1978, 1.409 -0.8311 0.1855, 1.2618 -0.8311 0.05, 1.4149 -0.8311 0.1713, 1.2712 -0.8311 0.0378, 1.4169 -0.8311 0.156, 1.2771 -0.8311 0.0235, -0.0004 -0.8311 0.8268, 0.787 -0.8311 0.8268, -0.0004 -0.8311 0.5851, 0.787 -0.8311 0.5851, -0.0023 -0.8311 0.5703, -0.0078 -0.8311 0.5564, 1.3874 -0.8311 0.2071, 1.2496 -0.8311 0.0594, 0.9006 -0.8311 0.2609, -0.4905 -0.8311 0.0235, -0.4925 -0.8311 0.0083, -0.6303 -0.8311 -0.2953, -0.5713 -0.8311 -0.3543, 1.3732 -0.8311 -0.3523, 1.3579 -0.8311 -0.3543, 1.4169 -0.8311 -0.2953, 1.2791 -0.8311 -0.2953, 1.2791 -0.8311 0.0083, 1.3382 -0.8311 -0.3543, 1.3229 -0.8311 -0.3523, 1.3087 -0.8311 -0.3464, 1.2964 -0.8311 -0.337, 1.287 -0.8311 -0.3248, 1.2811 -0.8311 -0.3106, -0.5516 -0.8311 -0.3543, -0.4925 -0.8311 -0.2953, -0.4945 -0.8311 -0.3106, -0.5865 -0.8311 -0.3523, -0.6008 -0.8311 -0.3464, -0.6283 -0.8311 -0.3106, -0.613 -0.8311 -0.337, -0.6224 -0.8311 -0.3248, 1.4149 -0.8311 -0.3106, 1.409 -0.8311 -0.3248, 1.3874 -0.8311 -0.3464, 1.3996 -0.8311 -0.337, -0.522 -0.8311 -0.3464, -0.5363 -0.8311 -0.3523, -0.5098 -0.8311 -0.337, -0.5004 -0.8311 -0.3248, 0.8032 -0.9492 0.5444, 0.7944 -0.9492 0.5564, -0.0166 -0.9492 0.5444, 0.7889 -0.9492 0.5703, 0.8813 -0.9492 0.2679, 0.871 -0.9492 0.2688, -0.0844 -0.9492 0.2688, -0.0997 -0.9492 0.2668, 1.2712 -0.9492 0.0378, 1.4169 -0.9492 0.156, 1.2618 -0.9492 0.05, 1.4149 -0.9492 0.1713, -0.4925 -0.9492 0.0083, -0.4905 -0.9492 0.0235, -0.6303 -0.9492 0.156, -0.4846 -0.9492 0.0378, -0.6283 -0.9492 0.1713, -0.4752 -0.9492 0.05, -0.6224 -0.9492 0.1855, -0.613 -0.9492 0.1978, -0.6008 -0.9492 0.2071, -0.463 -0.9492 0.0594, -0.1139 -0.9492 0.2609, 1.4169 -0.9492 -0.2953, 1.3579 -0.9492 -0.3543, 1.3382 -0.9492 -0.3543, 0.787 -0.9492 0.5851, 0.787 -0.9492 0.8268, -0.0004 -0.9492 0.8268, 1.2771 -0.9492 0.0235, 1.2791 -0.9492 0.0083, 1.2791 -0.9492 -0.2953, 1.2811 -0.9492 -0.3106, -0.0004 -0.9492 0.5851, -0.0023 -0.9492 0.5703, -0.0078 -0.9492 0.5564, -0.5713 -0.9492 -0.3543, -0.5516 -0.9492 -0.3543, -0.4925 -0.9492 -0.2953, 1.409 -0.9492 0.1855, 1.3996 -0.9492 0.1978, 1.2496 -0.9492 0.0594, 1.3874 -0.9492 0.2071, 0.9006 -0.9492 0.2609, 0.8912 -0.9492 0.2653, 1.287 -0.9492 -0.3248, 1.2964 -0.9492 -0.337, 1.3229 -0.9492 -0.3523, 1.3087 -0.9492 -0.3464, 1.3874 -0.9492 -0.3464, 1.3996 -0.9492 -0.337, 1.409 -0.9492 -0.3248, -0.5098 -0.9492 -0.337, -0.522 -0.9492 -0.3464, -0.5363 -0.9492 -0.3523, 1.3732 -0.9492 -0.3523, 1.4149 -0.9492 -0.3106, -0.6008 -0.9492 -0.3464, -0.5865 -0.9492 -0.3523, -0.613 -0.9492 -0.337, -0.6224 -0.9492 -0.3248, -0.5004 -0.9492 -0.3248, -0.4945 -0.9492 -0.3106, -0.6303 -0.9492 -0.2953, -0.6283 -0.9492 -0.3106, 0.787 -0.9438 0.8675, -0.0004 -0.9438 0.8675, 0.787 -0.9281 0.9055, -0.0004 -0.9281 0.9055, 0.787 -0.9031 0.9381, -0.0004 -0.9031 0.9381, 0.787 -0.8705 0.9632, -0.0004 -0.8705 0.9632, 0.787 -0.8325 0.9789, -0.0004 -0.8325 0.9789, -0.0004 -0.8019 0.8648, 0.787 -0.8019 0.8648, -0.0004 -0.8114 0.8609, 0.787 -0.8114 0.8609, -0.0004 -0.8196 0.8546, 0.787 -0.8196 0.8546, -0.0004 -0.8258 0.8465, 0.787 -0.8258 0.8465, -0.0004 -0.8298 0.837, 0.787 -0.8298 0.837, 1.4957 0.5459 1.0313, 1.4957 0.5688 0.9774, 1.4957 0.6047 0.9313, 1.4957 0.7357 0.9879, 1.4957 0.7099 0.9985, 1.4957 0.6877 1.0153, 1.4957 0.6706 1.0373, 1.4957 0.6597 1.063, 1.1807 0.5459 1.0313, 1.1807 0.6597 1.063, 1.1807 0.6706 1.0373, 1.1807 0.6047 0.9313, 1.1807 0.5688 0.9774, 1.1807 0.7357 0.9879, 1.1807 0.7099 0.9985, 1.1807 0.6877 1.0153, -0.3941 0.6453 0.8995, -0.7091 0.6453 0.8995, -0.7091 0.7054 0.8737, -0.7091 0.6513 0.8959, -0.3941 0.6513 0.8959, -0.3941 0.7054 0.8737, -0.7091 0.7357 0.9879, -0.7091 0.5459 1.0313, -0.7091 0.6597 1.063, -0.7091 0.6706 1.0373, -0.7091 0.7099 0.9985, -0.7091 0.6047 0.9313, -0.7091 0.5688 0.9774, -0.7091 0.6877 1.0153, -0.3941 0.5459 1.0313, -0.3941 0.5688 0.9774, -0.3941 0.6047 0.9313, -0.3941 0.7357 0.9879, -0.3941 0.7099 0.9985, -0.3941 0.6877 1.0153, -0.3941 0.6706 1.0373, -0.3941 0.6597 1.063
            ]
        }
        coordIndex [
            0,1,2,-1,3,4,5,-1,6,7,3,-1,8,9,5,-1,5,9,10,-1,5,10,11,-1,12,13,14,-1,14,13,5,-1,14,5,15,-1,15,5,11,-1,5,16,17,-1,18,19,20,-1,7,21,3,-1,3,21,22,-1,3,22,23,-1,23,22,24,-1,1,25,2,-1,2,25,26,-1,2,26,4,-1,4,26,27,-1,28,29,30,-1,30,29,18,-1,30,18,31,-1,31,18,20,-1,32,5,31,-1,31,5,17,-1,31,17,30,-1,32,33,5,-1,5,33,34,-1,5,34,3,-1,3,34,35,-1,3,35,6,-1,27,36,4,-1,4,36,37,-1,4,37,5,-1,5,37,38,-1,5,38,8,-1,24,39,23,-1,23,39,40,-1,23,40,41,-1,41,42,23,-1,23,42,43,-1,23,43,44,-1,45,20,46,-1,47,48,19,-1,19,48,49,-1,19,49,20,-1,20,49,50,-1,20,50,46,-1,46,50,51,-1,46,51,16,-1,2,52,46,-1,44,45,23,-1,23,45,46,-1,23,46,53,-1,53,46,52,-1,53,52,54,-1,54,52,55,-1,16,5,46,-1,46,5,56,-1,46,56,57,-1,58,59,60,-1,60,59,5,-1,61,62,5,-1,5,62,63,-1,64,65,66,-1,66,65,56,-1,66,56,67,-1,67,56,5,-1,67,5,68,-1,69,70,71,-1,71,70,72,-1,71,72,73,-1,74,75,5,-1,5,75,76,-1,5,76,61,-1,69,60,70,-1,70,60,5,-1,70,5,77,-1,77,5,63,-1,64,78,65,-1,65,78,79,-1,65,79,80,-1,80,81,65,-1,65,81,82,-1,65,82,83,-1,83,84,65,-1,65,84,85,-1,65,85,86,-1,87,88,89,-1,89,88,90,-1,86,91,65,-1,65,91,88,-1,65,88,92,-1,92,88,87,-1,73,93,71,-1,71,93,94,-1,71,94,95,-1,71,96,97,-1,97,96,98,-1,97,98,99,-1,100,101,5,-1,5,101,102,-1,5,102,103,-1,99,104,97,-1,97,104,105,-1,97,105,59,-1,59,105,106,-1,59,106,107,-1,95,108,71,-1,71,108,109,-1,71,109,110,-1,107,111,59,-1,59,111,112,-1,59,112,5,-1,5,112,113,-1,5,113,100,-1,103,114,5,-1,5,114,115,-1,5,115,68,-1,57,116,46,-1,46,116,117,-1,46,117,118,-1,117,119,118,-1,118,119,120,-1,118,120,96,-1,110,121,71,-1,71,121,122,-1,71,122,96,-1,96,122,123,-1,96,123,118,-1,118,124,46,-1,46,124,125,-1,46,125,2,-1,2,125,126,-1,2,126,0,-1,127,128,129,-1,130,131,132,-1,133,134,135,-1,136,137,138,-1,139,140,141,-1,142,143,129,-1,134,144,135,-1,135,144,145,-1,135,145,146,-1,137,147,138,-1,138,147,148,-1,138,148,149,-1,131,150,132,-1,132,150,151,-1,132,151,152,-1,127,129,153,-1,153,129,132,-1,153,132,154,-1,154,132,152,-1,154,152,155,-1,156,157,127,-1,158,159,160,-1,160,159,161,-1,162,163,141,-1,164,165,166,-1,166,165,167,-1,166,167,168,-1,169,170,171,-1,172,173,129,-1,129,173,174,-1,129,174,142,-1,135,175,176,-1,136,138,166,-1,166,138,177,-1,166,177,164,-1,178,138,179,-1,179,138,180,-1,181,153,182,-1,182,153,183,-1,139,141,184,-1,185,186,140,-1,128,187,129,-1,129,187,188,-1,129,188,172,-1,159,189,161,-1,161,189,190,-1,161,190,191,-1,178,192,138,-1,138,192,193,-1,138,193,132,-1,132,193,194,-1,132,194,130,-1,195,196,171,-1,171,196,185,-1,171,185,197,-1,197,185,140,-1,143,198,129,-1,129,198,199,-1,129,199,135,-1,135,199,200,-1,135,200,175,-1,201,202,203,-1,203,202,204,-1,203,204,186,-1,186,204,140,-1,140,204,205,-1,140,205,141,-1,206,207,208,-1,208,207,135,-1,208,135,209,-1,209,135,146,-1,210,211,212,-1,213,214,167,-1,167,214,215,-1,167,215,168,-1,168,216,166,-1,166,216,217,-1,166,217,218,-1,171,170,195,-1,195,170,219,-1,195,219,220,-1,220,221,195,-1,195,221,222,-1,195,222,223,-1,224,225,226,-1,176,227,135,-1,135,227,228,-1,135,228,133,-1,133,228,229,-1,149,230,138,-1,138,230,161,-1,138,161,180,-1,180,161,191,-1,201,231,202,-1,202,231,232,-1,202,232,233,-1,233,232,234,-1,233,234,235,-1,235,234,236,-1,235,236,208,-1,208,236,237,-1,208,237,206,-1,181,238,153,-1,153,238,239,-1,153,239,127,-1,127,239,240,-1,127,240,156,-1,224,226,228,-1,228,226,241,-1,228,241,229,-1,242,243,244,-1,218,245,166,-1,166,245,246,-1,166,246,247,-1,247,246,248,-1,247,248,171,-1,171,248,249,-1,171,249,169,-1,207,250,135,-1,135,250,251,-1,135,251,244,-1,244,251,252,-1,244,252,242,-1,163,253,141,-1,141,253,254,-1,141,254,255,-1,255,256,141,-1,141,256,257,-1,141,257,184,-1,243,258,244,-1,244,258,259,-1,244,259,260,-1,162,141,212,-1,212,141,261,-1,212,261,210,-1,210,261,262,-1,210,262,263,-1,263,262,264,-1,263,264,265,-1,181,266,238,-1,238,266,267,-1,238,267,268,-1,268,267,269,-1,268,269,270,-1,211,271,212,-1,212,271,272,-1,212,272,273,-1,273,272,274,-1,273,274,270,-1,270,274,275,-1,270,275,268,-1,276,277,278,-1,278,277,279,-1,280,281,278,-1,278,281,282,-1,278,282,283,-1,284,285,286,-1,287,288,289,-1,290,291,292,-1,284,293,294,-1,295,296,297,-1,284,298,280,-1,299,300,290,-1,301,302,303,-1,304,305,284,-1,284,305,306,-1,284,306,298,-1,276,307,277,-1,277,307,308,-1,277,308,309,-1,309,310,277,-1,277,310,311,-1,277,311,312,-1,290,292,299,-1,299,292,313,-1,299,313,314,-1,288,315,316,-1,317,318,319,-1,319,318,320,-1,319,320,321,-1,322,323,324,-1,324,323,325,-1,324,325,326,-1,295,297,327,-1,294,328,284,-1,284,328,329,-1,284,329,301,-1,301,303,284,-1,284,303,330,-1,284,330,304,-1,291,290,331,-1,331,290,332,-1,331,332,289,-1,289,332,333,-1,289,333,334,-1,287,289,335,-1,316,336,288,-1,288,336,337,-1,288,337,289,-1,322,338,339,-1,302,301,297,-1,297,301,340,-1,297,340,327,-1,341,342,293,-1,343,344,345,-1,345,344,346,-1,345,346,319,-1,319,346,347,-1,319,347,317,-1,348,349,279,-1,279,349,350,-1,279,350,351,-1,286,352,284,-1,284,352,353,-1,284,353,293,-1,293,353,354,-1,293,354,341,-1,355,356,314,-1,314,356,357,-1,314,357,299,-1,319,358,345,-1,345,358,359,-1,345,359,360,-1,360,359,361,-1,360,361,362,-1,362,361,363,-1,362,363,288,-1,288,363,364,-1,288,364,315,-1,343,345,365,-1,365,345,366,-1,365,366,367,-1,367,366,368,-1,367,368,339,-1,339,368,369,-1,339,369,322,-1,324,370,371,-1,342,372,293,-1,293,372,373,-1,293,373,374,-1,374,373,375,-1,374,375,289,-1,334,376,289,-1,289,376,377,-1,289,377,374,-1,375,378,289,-1,289,378,379,-1,289,379,380,-1,312,381,277,-1,277,381,382,-1,277,382,299,-1,299,382,383,-1,299,383,384,-1,384,385,299,-1,299,385,386,-1,299,386,387,-1,355,314,388,-1,388,314,389,-1,388,389,390,-1,391,392,393,-1,393,392,394,-1,393,394,324,-1,324,394,395,-1,324,395,322,-1,322,395,396,-1,322,396,338,-1,397,398,399,-1,399,398,400,-1,371,401,324,-1,324,401,402,-1,324,402,279,-1,279,402,403,-1,279,403,348,-1,351,404,279,-1,279,404,405,-1,279,405,406,-1,407,408,409,-1,410,411,412,-1,280,278,284,-1,284,278,279,-1,284,279,413,-1,413,279,406,-1,413,406,414,-1,380,415,289,-1,289,415,416,-1,289,416,335,-1,398,417,400,-1,400,417,418,-1,400,418,419,-1,407,409,420,-1,410,412,393,-1,393,412,421,-1,393,421,391,-1,300,299,422,-1,422,299,387,-1,422,387,409,-1,409,387,423,-1,409,423,420,-1,326,424,324,-1,324,424,400,-1,324,400,370,-1,370,400,419,-1,160,161,409,-1,409,161,422,-1,340,301,257,-1,257,301,184,-1,425,426,414,-1,414,426,427,-1,414,427,413,-1,284,428,285,-1,285,428,429,-1,285,429,430,-1,336,316,248,-1,248,316,249,-1,357,177,299,-1,299,177,138,-1,299,138,431,-1,431,138,432,-1,431,432,433,-1,433,432,434,-1,433,434,435,-1,435,434,436,-1,435,436,437,-1,437,436,438,-1,437,438,439,-1,439,438,440,-1,439,440,441,-1,441,440,442,-1,441,442,443,-1,443,442,444,-1,443,444,445,-1,445,444,446,-1,445,446,447,-1,447,446,448,-1,447,448,449,-1,449,448,450,-1,449,450,451,-1,451,450,452,-1,451,452,453,-1,453,452,454,-1,453,454,455,-1,455,454,456,-1,457,458,459,-1,459,460,457,-1,457,460,461,-1,457,461,462,-1,463,464,465,-1,463,465,466,-1,466,465,467,-1,466,467,468,-1,468,467,469,-1,468,469,470,-1,470,469,471,-1,470,471,472,-1,473,474,475,-1,476,477,475,-1,475,477,478,-1,475,478,473,-1,479,480,481,-1,481,480,482,-1,481,482,476,-1,476,482,483,-1,476,483,477,-1,484,485,486,-1,486,487,484,-1,484,487,488,-1,484,488,489,-1,489,490,484,-1,484,490,491,-1,484,491,481,-1,481,491,492,-1,481,492,479,-1,493,472,494,-1,494,472,471,-1,473,495,474,-1,474,495,496,-1,493,494,497,-1,493,497,498,-1,498,497,499,-1,498,499,500,-1,500,499,501,-1,500,501,502,-1,502,501,75,-1,502,75,74,-1,496,495,503,-1,504,123,122,-1,496,503,505,-1,505,503,506,-1,505,506,507,-1,507,506,504,-1,507,504,508,-1,508,504,122,-1,508,122,121,-1,509,510,511,-1,511,510,512,-1,511,512,513,-1,513,512,514,-1,513,514,515,-1,515,514,516,-1,515,516,517,-1,517,516,518,-1,519,520,521,-1,521,520,522,-1,521,522,523,-1,523,524,521,-1,521,524,525,-1,521,525,526,-1,527,528,529,-1,529,528,530,-1,529,530,519,-1,519,530,531,-1,519,531,520,-1,529,532,527,-1,527,532,533,-1,527,533,534,-1,510,509,535,-1,535,509,536,-1,533,537,538,-1,538,539,533,-1,533,539,540,-1,533,540,534,-1,541,542,543,-1,543,542,544,-1,543,544,545,-1,545,544,546,-1,545,546,547,-1,547,546,548,-1,547,548,536,-1,536,548,535,-1,549,550,551,-1,551,550,552,-1,551,552,553,-1,553,552,554,-1,553,554,555,-1,555,554,556,-1,555,556,537,-1,537,556,538,-1,557,558,559,-1,559,558,550,-1,559,550,549,-1,557,560,558,-1,558,560,561,-1,558,561,562,-1,563,564,565,-1,566,542,541,-1,565,567,563,-1,563,567,568,-1,563,568,541,-1,541,568,569,-1,541,569,566,-1,570,571,563,-1,563,571,572,-1,563,572,564,-1,564,572,573,-1,564,573,574,-1,575,576,577,-1,562,578,579,-1,579,580,562,-1,562,580,581,-1,562,581,558,-1,558,581,582,-1,558,582,583,-1,574,584,564,-1,564,584,585,-1,564,585,586,-1,578,562,576,-1,576,562,587,-1,576,587,577,-1,575,577,586,-1,586,577,588,-1,586,588,564,-1,589,590,591,-1,591,590,592,-1,593,594,590,-1,590,594,595,-1,590,595,596,-1,592,597,598,-1,598,599,592,-1,592,599,600,-1,592,600,601,-1,602,603,604,-1,604,603,605,-1,593,606,594,-1,594,606,485,-1,594,485,484,-1,605,607,604,-1,604,607,608,-1,604,608,463,-1,463,608,609,-1,463,609,464,-1,596,610,590,-1,590,610,611,-1,590,611,612,-1,589,613,590,-1,590,613,614,-1,590,614,604,-1,604,614,615,-1,604,615,602,-1,612,616,590,-1,590,616,617,-1,590,617,592,-1,592,617,618,-1,592,618,597,-1,619,620,621,-1,601,600,621,-1,621,600,622,-1,621,622,619,-1,620,623,621,-1,621,623,624,-1,621,624,625,-1,626,627,628,-1,628,627,621,-1,628,621,629,-1,625,630,621,-1,621,630,631,-1,621,631,629,-1,632,521,526,-1,633,634,635,-1,635,634,517,-1,635,517,518,-1,636,637,638,-1,638,637,639,-1,640,641,642,-1,642,641,643,-1,643,644,642,-1,642,644,645,-1,642,645,646,-1,646,645,632,-1,646,632,647,-1,647,632,526,-1,648,649,642,-1,642,649,650,-1,642,650,637,-1,633,651,634,-1,634,651,652,-1,634,652,653,-1,653,654,634,-1,634,654,655,-1,634,655,642,-1,642,655,656,-1,642,656,648,-1,639,637,657,-1,657,637,658,-1,657,658,659,-1,659,658,660,-1,659,660,661,-1,636,662,637,-1,637,662,663,-1,637,663,642,-1,642,663,664,-1,642,664,640,-1,665,666,660,-1,666,667,660,-1,660,667,668,-1,660,668,661,-1,669,670,660,-1,660,670,671,-1,660,671,665,-1,669,672,670,-1,670,672,673,-1,670,673,674,-1,675,676,677,-1,678,679,680,-1,681,682,683,-1,683,682,684,-1,684,685,683,-1,683,685,686,-1,683,686,687,-1,680,679,688,-1,688,679,689,-1,688,689,690,-1,690,691,688,-1,688,691,692,-1,688,692,683,-1,683,692,693,-1,683,693,681,-1,678,680,677,-1,677,680,694,-1,677,694,675,-1,125,124,695,-1,696,126,125,-1,125,695,696,-1,696,695,697,-1,696,697,698,-1,698,697,699,-1,698,699,700,-1,700,699,701,-1,700,701,702,-1,676,675,701,-1,701,675,702,-1,703,704,705,-1,706,707,705,-1,705,707,708,-1,705,708,703,-1,709,710,706,-1,706,710,711,-1,706,711,707,-1,712,713,714,-1,714,713,715,-1,712,716,713,-1,713,716,717,-1,713,717,709,-1,709,717,718,-1,709,718,710,-1,719,720,721,-1,721,720,722,-1,721,722,723,-1,723,722,724,-1,723,724,725,-1,725,724,726,-1,725,726,583,-1,583,726,558,-1,720,719,727,-1,727,719,704,-1,727,704,728,-1,728,704,703,-1,460,454,452,-1,450,462,452,-1,452,462,461,-1,452,461,460,-1,729,730,448,-1,448,730,731,-1,448,731,450,-1,450,731,732,-1,450,732,462,-1,446,733,734,-1,734,735,446,-1,446,735,736,-1,446,736,737,-1,737,738,446,-1,446,738,739,-1,446,739,448,-1,448,739,740,-1,448,740,729,-1,456,454,460,-1,741,742,459,-1,459,742,460,-1,743,744,745,-1,743,745,746,-1,747,748,456,-1,746,745,459,-1,459,745,749,-1,459,749,741,-1,460,742,456,-1,456,742,750,-1,456,750,747,-1,748,751,456,-1,456,751,752,-1,456,752,753,-1,447,754,445,-1,445,754,755,-1,445,755,756,-1,756,757,445,-1,445,757,758,-1,445,758,759,-1,760,761,449,-1,449,761,762,-1,449,762,447,-1,447,762,763,-1,447,763,754,-1,449,451,760,-1,760,451,453,-1,760,453,764,-1,765,764,453,-1,455,458,453,-1,453,458,457,-1,453,457,765,-1,766,767,768,-1,455,769,770,-1,766,771,767,-1,767,771,772,-1,767,772,773,-1,768,774,766,-1,766,774,458,-1,766,458,775,-1,775,458,455,-1,775,455,776,-1,770,777,455,-1,455,777,778,-1,455,778,776,-1,502,74,541,-1,541,74,5,-1,541,5,563,-1,563,5,13,-1,563,13,779,-1,779,13,780,-1,779,780,781,-1,781,780,782,-1,781,782,783,-1,783,782,784,-1,783,784,785,-1,785,784,786,-1,785,786,787,-1,787,786,788,-1,787,788,789,-1,789,788,790,-1,789,790,791,-1,791,790,792,-1,791,792,793,-1,793,792,794,-1,793,794,795,-1,795,794,796,-1,795,796,797,-1,797,796,798,-1,797,798,799,-1,799,798,800,-1,799,800,801,-1,801,800,802,-1,801,802,803,-1,803,802,804,-1,803,804,805,-1,805,804,806,-1,805,806,807,-1,807,806,808,-1,807,808,809,-1,809,808,810,-1,809,810,277,-1,277,810,132,-1,277,132,279,-1,279,132,129,-1,279,129,811,-1,811,129,812,-1,811,812,813,-1,813,812,814,-1,813,814,815,-1,815,814,816,-1,815,816,817,-1,817,816,818,-1,817,818,819,-1,819,818,820,-1,819,820,821,-1,821,820,822,-1,821,822,634,-1,634,822,604,-1,634,604,517,-1,517,604,463,-1,517,463,515,-1,515,463,466,-1,515,466,513,-1,513,466,468,-1,513,468,511,-1,511,468,470,-1,511,470,509,-1,509,470,472,-1,509,472,536,-1,536,472,493,-1,536,493,547,-1,547,493,498,-1,547,498,545,-1,545,498,500,-1,545,500,543,-1,543,500,502,-1,543,502,541,-1,823,824,825,-1,825,824,826,-1,825,826,827,-1,827,826,828,-1,827,828,829,-1,829,828,830,-1,829,830,831,-1,831,830,832,-1,831,832,646,-1,646,832,593,-1,646,593,642,-1,642,593,590,-1,642,590,833,-1,833,590,834,-1,833,834,835,-1,835,834,836,-1,835,836,837,-1,837,836,838,-1,837,838,839,-1,839,838,840,-1,839,840,841,-1,841,840,842,-1,841,842,843,-1,843,842,844,-1,843,844,324,-1,324,844,135,-1,324,135,393,-1,393,135,244,-1,788,845,846,-1,788,846,790,-1,790,846,847,-1,790,847,792,-1,792,847,848,-1,792,848,794,-1,794,848,849,-1,794,849,796,-1,850,851,852,-1,853,683,687,-1,854,855,444,-1,444,855,856,-1,444,856,852,-1,857,858,444,-1,444,859,446,-1,446,859,853,-1,446,853,733,-1,733,853,687,-1,860,861,798,-1,798,861,862,-1,798,862,863,-1,858,864,444,-1,444,864,865,-1,444,865,859,-1,860,798,866,-1,866,798,796,-1,866,796,849,-1,863,867,798,-1,798,867,868,-1,798,868,444,-1,444,868,869,-1,444,869,854,-1,870,871,872,-1,872,871,873,-1,872,873,852,-1,852,873,874,-1,852,874,850,-1,851,875,852,-1,852,875,876,-1,852,876,444,-1,444,876,877,-1,444,877,857,-1,878,879,870,-1,870,879,880,-1,870,880,871,-1,878,881,879,-1,879,881,882,-1,879,882,883,-1,884,879,885,-1,885,879,886,-1,883,887,879,-1,879,887,888,-1,879,888,886,-1,798,444,442,-1,798,442,800,-1,800,442,440,-1,800,440,802,-1,802,440,438,-1,802,438,804,-1,804,438,436,-1,804,436,806,-1,806,436,434,-1,806,434,808,-1,808,434,432,-1,808,432,810,-1,810,432,138,-1,810,138,132,-1,129,135,844,-1,129,844,812,-1,812,844,842,-1,812,842,814,-1,814,842,840,-1,814,840,816,-1,816,840,838,-1,816,838,818,-1,818,838,836,-1,818,836,820,-1,820,836,834,-1,820,834,822,-1,822,834,590,-1,822,590,604,-1,889,890,593,-1,593,890,891,-1,891,892,593,-1,593,892,893,-1,593,893,606,-1,894,895,832,-1,832,895,896,-1,832,896,593,-1,593,896,897,-1,593,897,889,-1,898,899,830,-1,830,899,900,-1,830,900,832,-1,832,900,901,-1,832,901,894,-1,830,828,898,-1,898,828,826,-1,898,826,902,-1,903,904,905,-1,905,904,906,-1,907,908,909,-1,903,905,909,-1,909,905,910,-1,909,910,907,-1,911,912,913,-1,913,912,914,-1,902,826,904,-1,904,826,824,-1,904,824,906,-1,906,824,912,-1,906,912,915,-1,915,912,911,-1,13,12,916,-1,13,916,780,-1,780,916,917,-1,780,917,782,-1,782,917,918,-1,782,918,784,-1,784,918,919,-1,784,919,786,-1,845,788,919,-1,919,788,786,-1,795,920,793,-1,793,920,921,-1,793,921,791,-1,791,921,922,-1,791,922,789,-1,789,922,923,-1,789,923,787,-1,787,923,924,-1,925,926,443,-1,715,713,927,-1,715,927,759,-1,925,443,927,-1,927,443,445,-1,927,445,759,-1,928,929,930,-1,930,931,928,-1,928,931,932,-1,928,932,933,-1,934,443,935,-1,935,443,928,-1,936,937,797,-1,797,937,938,-1,926,939,443,-1,443,939,940,-1,443,940,941,-1,934,942,443,-1,443,942,943,-1,443,943,797,-1,797,943,944,-1,797,944,936,-1,941,945,443,-1,443,945,946,-1,443,946,928,-1,928,946,947,-1,928,947,929,-1,948,949,950,-1,938,951,797,-1,797,951,952,-1,797,952,795,-1,795,952,953,-1,795,953,920,-1,933,932,950,-1,950,932,954,-1,950,954,948,-1,949,955,950,-1,950,955,956,-1,950,956,957,-1,957,958,950,-1,950,958,959,-1,950,959,960,-1,960,961,950,-1,950,961,962,-1,950,962,963,-1,277,299,809,-1,809,299,431,-1,809,431,807,-1,807,431,433,-1,807,433,805,-1,805,433,435,-1,805,435,803,-1,803,435,437,-1,803,437,801,-1,801,437,439,-1,801,439,799,-1,799,439,441,-1,799,441,797,-1,797,441,443,-1,634,642,821,-1,821,642,833,-1,821,833,819,-1,819,833,835,-1,819,835,817,-1,817,835,837,-1,817,837,815,-1,815,837,839,-1,815,839,813,-1,813,839,841,-1,813,841,811,-1,811,841,843,-1,811,843,279,-1,279,843,324,-1,964,825,827,-1,829,965,827,-1,827,965,966,-1,827,966,964,-1,831,967,829,-1,829,967,968,-1,829,968,965,-1,969,646,970,-1,970,646,647,-1,969,971,646,-1,646,971,972,-1,646,972,831,-1,831,972,973,-1,831,973,967,-1,964,974,825,-1,825,974,975,-1,825,975,823,-1,823,975,976,-1,977,978,979,-1,976,980,823,-1,823,980,981,-1,823,981,982,-1,976,983,980,-1,980,983,977,-1,980,977,984,-1,984,977,979,-1,985,986,987,-1,985,987,981,-1,981,987,988,-1,981,988,982,-1,785,989,783,-1,783,989,990,-1,783,990,781,-1,781,990,991,-1,781,991,779,-1,779,991,992,-1,779,992,563,-1,563,992,570,-1,785,787,989,-1,989,787,924,-1,582,0,583,-1,583,0,126,-1,583,126,725,-1,725,126,696,-1,725,696,723,-1,723,696,698,-1,723,698,721,-1,721,698,700,-1,721,700,719,-1,719,700,702,-1,719,702,704,-1,704,702,675,-1,704,675,705,-1,705,675,694,-1,705,694,706,-1,706,694,680,-1,706,680,709,-1,709,680,688,-1,709,688,713,-1,713,688,683,-1,713,683,927,-1,927,683,853,-1,953,866,920,-1,920,866,849,-1,920,849,921,-1,921,849,848,-1,921,848,922,-1,922,848,847,-1,922,847,923,-1,923,847,846,-1,923,846,924,-1,924,846,845,-1,924,845,989,-1,989,845,919,-1,989,919,990,-1,990,919,918,-1,990,918,991,-1,991,918,917,-1,991,917,992,-1,992,917,916,-1,992,916,570,-1,570,916,12,-1,570,12,571,-1,571,12,14,-1,575,586,37,-1,37,586,38,-1,870,872,950,-1,950,872,933,-1,954,932,871,-1,871,932,873,-1,927,853,925,-1,925,853,859,-1,925,859,926,-1,926,859,865,-1,926,865,939,-1,939,865,864,-1,939,864,940,-1,940,864,858,-1,940,858,941,-1,941,858,857,-1,941,857,945,-1,945,857,877,-1,945,877,946,-1,946,877,876,-1,946,876,947,-1,947,876,875,-1,947,875,929,-1,929,875,851,-1,929,851,930,-1,930,851,850,-1,930,850,931,-1,931,850,874,-1,931,874,932,-1,932,874,873,-1,866,953,860,-1,860,953,952,-1,860,952,861,-1,861,952,951,-1,861,951,862,-1,862,951,938,-1,862,938,863,-1,863,938,937,-1,863,937,867,-1,867,937,936,-1,867,936,868,-1,868,936,944,-1,868,944,869,-1,869,944,943,-1,869,943,854,-1,854,943,942,-1,854,942,855,-1,855,942,934,-1,855,934,856,-1,856,934,935,-1,856,935,852,-1,852,935,928,-1,852,928,872,-1,872,928,933,-1,0,582,1,-1,1,582,581,-1,1,581,25,-1,25,581,580,-1,25,580,26,-1,26,580,579,-1,26,579,27,-1,27,579,578,-1,27,578,36,-1,36,578,576,-1,36,576,37,-1,37,576,575,-1,38,586,8,-1,8,586,585,-1,8,585,9,-1,9,585,584,-1,9,584,10,-1,10,584,574,-1,10,574,11,-1,11,574,573,-1,11,573,15,-1,15,573,572,-1,15,572,14,-1,14,572,571,-1,870,950,963,-1,870,963,878,-1,878,963,962,-1,878,962,881,-1,881,962,961,-1,881,961,882,-1,882,961,960,-1,882,960,883,-1,883,960,959,-1,883,959,887,-1,887,959,958,-1,887,958,888,-1,954,871,880,-1,954,880,948,-1,948,880,879,-1,948,879,949,-1,949,879,884,-1,949,884,955,-1,955,884,885,-1,955,885,956,-1,956,885,886,-1,956,886,957,-1,957,886,888,-1,957,888,958,-1,526,485,647,-1,647,485,606,-1,733,687,759,-1,759,687,715,-1,678,727,679,-1,679,727,728,-1,679,728,689,-1,728,703,689,-1,689,703,708,-1,689,708,690,-1,690,708,707,-1,690,707,691,-1,691,707,711,-1,691,711,692,-1,692,711,710,-1,692,710,693,-1,693,710,718,-1,693,718,681,-1,681,718,717,-1,715,687,714,-1,714,687,686,-1,714,686,712,-1,712,686,685,-1,712,685,716,-1,716,685,684,-1,716,684,717,-1,717,684,682,-1,717,682,681,-1,485,526,486,-1,486,526,525,-1,486,525,487,-1,487,525,524,-1,487,524,488,-1,488,524,523,-1,488,523,489,-1,489,523,522,-1,489,522,490,-1,490,522,520,-1,490,520,491,-1,491,520,531,-1,491,531,492,-1,492,531,530,-1,492,530,479,-1,479,530,528,-1,479,528,480,-1,480,528,527,-1,480,527,482,-1,540,539,477,-1,527,534,482,-1,482,534,540,-1,482,540,483,-1,483,540,477,-1,733,759,734,-1,734,759,758,-1,734,758,735,-1,735,758,757,-1,735,757,736,-1,736,757,756,-1,736,756,737,-1,737,756,755,-1,737,755,738,-1,738,755,754,-1,738,754,739,-1,739,754,763,-1,739,763,740,-1,740,763,762,-1,740,762,729,-1,729,762,761,-1,729,761,730,-1,730,761,760,-1,730,760,731,-1,765,457,462,-1,760,764,731,-1,731,764,765,-1,731,765,732,-1,732,765,462,-1,899,975,900,-1,900,975,974,-1,900,974,901,-1,974,964,901,-1,901,964,966,-1,901,966,894,-1,894,966,965,-1,894,965,895,-1,895,965,968,-1,895,968,896,-1,896,968,967,-1,896,967,897,-1,897,967,973,-1,897,973,889,-1,889,973,972,-1,647,606,970,-1,970,606,893,-1,970,893,969,-1,969,893,892,-1,969,892,971,-1,971,892,891,-1,971,891,972,-1,972,891,890,-1,972,890,889,-1,478,477,539,-1,678,677,727,-1,727,677,676,-1,727,676,720,-1,720,676,701,-1,720,701,722,-1,722,701,699,-1,722,699,724,-1,724,699,697,-1,724,697,726,-1,726,697,695,-1,726,695,558,-1,695,124,558,-1,558,124,118,-1,558,118,550,-1,550,118,123,-1,550,123,552,-1,552,123,504,-1,552,504,554,-1,554,504,506,-1,554,506,556,-1,556,506,503,-1,556,503,538,-1,538,503,495,-1,538,495,539,-1,539,495,473,-1,539,473,478,-1,904,976,902,-1,902,976,975,-1,902,975,898,-1,898,975,899,-1,566,76,542,-1,542,76,75,-1,542,75,544,-1,544,75,501,-1,544,501,546,-1,546,501,499,-1,546,499,548,-1,548,499,497,-1,548,497,535,-1,535,497,494,-1,535,494,510,-1,510,494,471,-1,510,471,512,-1,512,471,469,-1,512,469,514,-1,514,469,467,-1,514,467,516,-1,516,467,465,-1,516,465,518,-1,518,465,464,-1,518,464,635,-1,635,464,609,-1,632,594,521,-1,521,594,484,-1,521,484,519,-1,519,484,481,-1,519,481,529,-1,529,481,476,-1,529,476,532,-1,532,476,475,-1,532,475,533,-1,533,475,474,-1,533,474,537,-1,537,474,496,-1,537,496,555,-1,555,496,505,-1,555,505,553,-1,553,505,507,-1,553,507,551,-1,551,507,508,-1,551,508,549,-1,549,508,121,-1,549,121,559,-1,559,121,110,-1,73,72,577,-1,577,72,588,-1,660,658,621,-1,621,658,601,-1,622,600,659,-1,659,600,657,-1,594,632,595,-1,595,632,645,-1,595,645,596,-1,596,645,644,-1,596,644,610,-1,610,644,643,-1,610,643,611,-1,611,643,641,-1,611,641,612,-1,612,641,640,-1,612,640,616,-1,616,640,664,-1,657,600,639,-1,639,600,599,-1,639,599,638,-1,638,599,598,-1,638,598,636,-1,636,598,597,-1,636,597,662,-1,662,597,618,-1,662,618,663,-1,663,618,617,-1,663,617,664,-1,664,617,616,-1,635,609,633,-1,633,609,608,-1,633,608,651,-1,651,608,607,-1,651,607,652,-1,652,607,605,-1,652,605,653,-1,653,605,603,-1,653,603,654,-1,654,603,602,-1,654,602,655,-1,655,602,615,-1,601,658,592,-1,592,658,637,-1,592,637,591,-1,591,637,650,-1,591,650,589,-1,589,650,649,-1,589,649,613,-1,613,649,648,-1,613,648,614,-1,614,648,656,-1,614,656,615,-1,615,656,655,-1,73,577,93,-1,93,577,587,-1,93,587,94,-1,94,587,562,-1,94,562,95,-1,95,562,561,-1,95,561,108,-1,108,561,560,-1,108,560,109,-1,109,560,557,-1,109,557,110,-1,110,557,559,-1,76,566,61,-1,61,566,569,-1,61,569,62,-1,62,569,568,-1,62,568,63,-1,63,568,567,-1,63,567,77,-1,77,567,565,-1,77,565,70,-1,70,565,564,-1,70,564,72,-1,72,564,588,-1,660,621,627,-1,660,627,669,-1,669,627,626,-1,669,626,672,-1,672,626,628,-1,672,628,673,-1,673,628,629,-1,673,629,674,-1,674,629,631,-1,674,631,670,-1,670,631,630,-1,670,630,671,-1,622,659,661,-1,622,661,619,-1,619,661,668,-1,619,668,620,-1,620,668,667,-1,620,667,623,-1,623,667,666,-1,623,666,624,-1,624,666,665,-1,624,665,625,-1,625,665,671,-1,625,671,630,-1,981,980,906,-1,906,980,905,-1,750,742,775,-1,775,742,766,-1,314,313,215,-1,215,313,168,-1,234,232,365,-1,365,232,343,-1,252,251,392,-1,392,251,394,-1,993,994,995,-1,995,994,996,-1,995,996,997,-1,997,998,995,-1,995,998,999,-1,995,999,1000,-1,1001,1002,1003,-1,1003,1002,1004,-1,1000,1005,995,-1,995,1005,1006,-1,995,1006,1007,-1,1007,1006,1008,-1,1007,1008,1009,-1,1009,1008,1003,-1,1009,1003,1010,-1,1010,1003,1004,-1,1011,1012,1013,-1,1013,1012,1014,-1,1013,1014,1015,-1,1015,1014,1016,-1,1015,1016,1017,-1,1018,1019,1020,-1,1020,1019,1021,-1,1020,1021,1022,-1,1022,1021,993,-1,1022,993,1023,-1,1023,993,995,-1,1011,1013,1024,-1,1024,1013,1025,-1,1024,1025,996,-1,996,1025,1026,-1,996,1026,997,-1,1001,1027,1002,-1,1002,1027,1028,-1,1002,1028,1029,-1,1029,1028,1030,-1,1031,1032,1033,-1,1033,1032,1034,-1,1033,1034,1016,-1,1016,1034,1035,-1,1016,1035,1017,-1,1032,1036,1034,-1,1034,1036,1037,-1,1034,1037,1038,-1,1038,1039,1034,-1,1034,1039,1040,-1,1034,1040,1041,-1,1030,1028,1042,-1,1042,1028,1043,-1,1042,1043,1044,-1,1030,1045,1029,-1,1029,1045,1046,-1,1029,1046,1047,-1,1047,1046,1048,-1,1047,1048,1049,-1,1033,1050,1031,-1,1031,1050,1051,-1,1031,1051,1052,-1,1052,1051,1053,-1,1054,1055,1056,-1,1056,1055,1042,-1,1056,1042,1057,-1,1057,1042,1044,-1,1058,1059,1060,-1,1060,1059,1061,-1,1062,1058,1063,-1,1063,1058,1060,-1,1063,1060,1064,-1,1064,1060,1065,-1,1066,1067,1068,-1,1068,1067,1069,-1,1070,1071,1072,-1,1072,1071,1073,-1,1072,1073,1074,-1,1074,1073,1075,-1,1074,1075,1076,-1,1076,1075,1077,-1,1077,1075,1078,-1,1078,1075,1079,-1,1078,1079,1060,-1,1060,1079,1080,-1,1060,1080,1065,-1,1081,1067,1082,-1,1082,1067,1083,-1,1084,1085,1086,-1,1066,1087,1067,-1,1067,1087,1088,-1,1067,1088,1083,-1,1083,1088,1089,-1,1083,1089,1090,-1,1086,1091,1084,-1,1084,1091,1092,-1,1084,1092,1061,-1,1061,1092,1093,-1,1061,1093,1060,-1,1094,1095,1096,-1,1069,1097,1068,-1,1068,1097,1098,-1,1068,1098,1099,-1,1099,1098,1100,-1,1099,1100,1101,-1,1101,1100,1058,-1,1101,1058,1102,-1,1102,1058,1062,-1,1090,1103,1083,-1,1083,1103,1104,-1,1083,1104,1105,-1,1105,1104,1106,-1,1107,1108,1109,-1,1110,1095,1111,-1,1111,1095,1112,-1,1082,1113,1081,-1,1081,1113,1107,-1,1081,1107,1114,-1,1114,1107,1109,-1,1115,1116,1117,-1,1117,1116,1094,-1,1117,1094,1118,-1,1110,1119,1095,-1,1095,1119,1120,-1,1095,1120,1096,-1,1070,1072,1096,-1,1096,1072,1121,-1,1096,1121,1094,-1,1094,1121,1122,-1,1094,1122,1118,-1,1086,1085,1123,-1,1086,1123,1124,-1,1124,1123,1125,-1,1124,1125,1126,-1,1126,1125,1127,-1,1126,1127,1128,-1,1128,1127,1129,-1,1128,1129,1130,-1,1130,1129,1131,-1,1130,1131,1132,-1,1132,1131,195,-1,1132,195,223,-1,319,321,1133,-1,1133,321,1134,-1,1133,1134,1135,-1,1135,1134,1136,-1,1135,1136,1137,-1,1137,1136,1138,-1,1137,1138,1139,-1,1139,1138,1140,-1,1139,1140,1141,-1,1141,1140,1142,-1,1141,1142,1018,-1,1018,1142,1019,-1,1020,1091,1018,-1,1018,1091,1086,-1,1018,1086,1141,-1,1141,1086,1124,-1,1141,1124,1139,-1,1139,1124,1126,-1,1139,1126,1137,-1,1137,1126,1128,-1,1137,1128,1135,-1,1135,1128,1130,-1,1135,1130,1133,-1,1133,1130,1132,-1,1133,1132,319,-1,319,1132,223,-1,319,223,358,-1,358,223,222,-1,320,196,321,-1,321,196,195,-1,321,195,1134,-1,1134,195,1131,-1,1134,1131,1136,-1,1136,1131,1129,-1,1136,1129,1138,-1,1138,1129,1127,-1,1138,1127,1140,-1,1140,1127,1125,-1,1140,1125,1142,-1,1142,1125,1123,-1,1142,1123,1019,-1,1019,1123,1085,-1,1019,1085,1021,-1,1021,1085,1084,-1,1002,1029,1072,-1,1072,1029,1121,-1,1078,1060,1007,-1,1007,1060,995,-1,1024,996,1100,-1,1100,996,1058,-1,1067,1081,1016,-1,1016,1081,1033,-1,1082,1083,1032,-1,1032,1083,1036,-1,1035,1034,1088,-1,1088,1034,1089,-1,1099,1101,1025,-1,1025,1101,1026,-1,1063,1064,999,-1,999,1064,1000,-1,1080,1079,1006,-1,1006,1079,1008,-1,1070,1096,1028,-1,1028,1096,1043,-1,1095,1094,1042,-1,1042,1094,1030,-1,1099,1025,1068,-1,1068,1025,1013,-1,1068,1013,1066,-1,1066,1013,1015,-1,1066,1015,1087,-1,1087,1015,1017,-1,1087,1017,1088,-1,1088,1017,1035,-1,1063,999,1062,-1,1062,999,998,-1,1062,998,1102,-1,1102,998,997,-1,1102,997,1101,-1,1101,997,1026,-1,1080,1006,1065,-1,1065,1006,1005,-1,1065,1005,1064,-1,1064,1005,1000,-1,1070,1028,1071,-1,1071,1028,1027,-1,1071,1027,1073,-1,1073,1027,1001,-1,1073,1001,1075,-1,1075,1001,1003,-1,1075,1003,1079,-1,1079,1003,1008,-1,1024,1100,1098,-1,1024,1098,1011,-1,1011,1098,1097,-1,1011,1097,1012,-1,1012,1097,1069,-1,1012,1069,1014,-1,1014,1069,1067,-1,1014,1067,1016,-1,1002,1072,1074,-1,1002,1074,1004,-1,1004,1074,1076,-1,1004,1076,1010,-1,1010,1076,1077,-1,1010,1077,1009,-1,1009,1077,1078,-1,1009,1078,1007,-1,314,215,214,-1,314,214,389,-1,389,214,213,-1,389,213,390,-1,390,213,167,-1,390,167,388,-1,388,167,165,-1,388,165,355,-1,355,165,164,-1,355,164,356,-1,356,164,177,-1,356,177,357,-1,168,313,216,-1,216,313,292,-1,216,292,217,-1,217,292,291,-1,217,291,218,-1,218,291,331,-1,218,331,245,-1,245,331,289,-1,245,289,246,-1,246,289,337,-1,246,337,248,-1,248,337,336,-1,249,316,169,-1,169,316,315,-1,169,315,170,-1,170,315,364,-1,170,364,219,-1,219,364,363,-1,219,363,220,-1,220,363,361,-1,220,361,221,-1,221,361,359,-1,221,359,222,-1,222,359,358,-1,393,244,260,-1,393,260,410,-1,410,260,259,-1,410,259,411,-1,411,259,258,-1,411,258,412,-1,412,258,243,-1,412,243,421,-1,421,243,242,-1,421,242,391,-1,391,242,252,-1,391,252,392,-1,234,365,236,-1,236,365,367,-1,236,367,237,-1,237,367,339,-1,237,339,206,-1,206,339,338,-1,206,338,207,-1,207,338,396,-1,207,396,250,-1,250,396,395,-1,250,395,251,-1,251,395,394,-1,343,232,344,-1,344,232,231,-1,344,231,346,-1,346,231,201,-1,346,201,347,-1,347,201,203,-1,347,203,317,-1,317,203,186,-1,317,186,318,-1,318,186,185,-1,318,185,320,-1,320,185,196,-1,1058,996,1059,-1,1059,996,994,-1,1059,994,1061,-1,1061,994,993,-1,1061,993,1084,-1,1084,993,1021,-1,995,1060,1023,-1,1023,1060,1093,-1,1023,1093,1022,-1,1022,1093,1092,-1,1022,1092,1020,-1,1020,1092,1091,-1,1033,1081,1114,-1,1033,1114,1050,-1,1050,1114,1109,-1,1050,1109,1051,-1,1051,1109,1108,-1,1051,1108,1053,-1,1053,1108,1107,-1,1053,1107,1052,-1,1052,1107,1113,-1,1052,1113,1031,-1,1031,1113,1082,-1,1031,1082,1032,-1,1036,1083,1105,-1,1036,1105,1037,-1,1037,1105,1106,-1,1037,1106,1038,-1,1038,1106,1104,-1,1038,1104,1039,-1,1039,1104,1103,-1,1039,1103,1040,-1,1040,1103,1090,-1,1040,1090,1041,-1,1041,1090,1089,-1,1041,1089,1034,-1,1043,1096,1120,-1,1043,1120,1044,-1,1044,1120,1119,-1,1044,1119,1057,-1,1057,1119,1110,-1,1057,1110,1056,-1,1056,1110,1111,-1,1056,1111,1054,-1,1054,1111,1112,-1,1054,1112,1055,-1,1055,1112,1095,-1,1055,1095,1042,-1,1030,1094,1116,-1,1030,1116,1045,-1,1045,1116,1115,-1,1045,1115,1046,-1,1046,1115,1117,-1,1046,1117,1048,-1,1048,1117,1118,-1,1048,1118,1049,-1,1049,1118,1122,-1,1049,1122,1047,-1,1047,1122,1121,-1,1047,1121,1029,-1,399,400,229,-1,229,400,133,-1,235,208,368,-1,368,208,369,-1,262,261,335,-1,335,261,287,-1,372,342,274,-1,274,342,275,-1,199,198,403,-1,403,198,348,-1,199,403,200,-1,200,403,402,-1,200,402,175,-1,175,402,401,-1,175,401,176,-1,176,401,371,-1,176,371,227,-1,227,371,370,-1,227,370,228,-1,228,370,419,-1,210,379,211,-1,211,379,378,-1,211,378,271,-1,271,378,375,-1,271,375,272,-1,272,375,373,-1,272,373,274,-1,274,373,372,-1,430,157,156,-1,285,430,286,-1,286,430,156,-1,286,156,352,-1,352,156,240,-1,352,240,353,-1,353,240,239,-1,353,239,354,-1,354,239,238,-1,354,238,341,-1,341,238,268,-1,341,268,342,-1,342,268,275,-1,425,414,406,-1,187,425,188,-1,188,425,406,-1,188,406,172,-1,172,406,405,-1,172,405,173,-1,173,405,404,-1,173,404,174,-1,174,404,351,-1,174,351,142,-1,142,351,350,-1,142,350,143,-1,143,350,349,-1,143,349,198,-1,198,349,348,-1,235,368,233,-1,233,368,366,-1,233,366,202,-1,202,366,345,-1,202,345,204,-1,204,345,360,-1,204,360,205,-1,205,360,362,-1,205,362,141,-1,141,362,288,-1,141,288,261,-1,261,288,287,-1,133,400,134,-1,134,400,424,-1,134,424,144,-1,144,424,326,-1,144,326,145,-1,145,326,325,-1,145,325,146,-1,146,325,323,-1,146,323,209,-1,209,323,322,-1,209,322,208,-1,208,322,369,-1,262,335,416,-1,262,416,264,-1,264,416,415,-1,264,415,265,-1,265,415,380,-1,265,380,263,-1,263,380,379,-1,263,379,210,-1,228,419,418,-1,228,418,224,-1,224,418,417,-1,224,417,225,-1,225,417,398,-1,225,398,226,-1,226,398,397,-1,226,397,241,-1,241,397,399,-1,241,399,229,-1,1143,1144,187,-1,187,1144,1145,-1,187,1145,425,-1,187,128,1146,-1,1146,1147,187,-1,187,1147,1148,-1,187,1148,1143,-1,1143,1148,1149,-1,1143,1149,1150,-1,1151,1152,1153,-1,430,1154,157,-1,157,1154,1155,-1,157,1155,1151,-1,127,157,1156,-1,1156,157,1157,-1,1151,1153,157,-1,157,1153,1158,-1,157,1158,1157,-1,128,127,1146,-1,1146,127,1156,-1,1146,1156,1147,-1,1147,1156,1157,-1,1147,1157,1148,-1,1148,1157,1158,-1,1148,1158,1149,-1,1149,1158,1153,-1,1149,1153,1150,-1,1150,1153,1152,-1,1143,1150,1151,-1,1151,1150,1152,-1,1143,1151,1155,-1,1143,1155,1144,-1,1144,1155,1154,-1,1144,1154,1145,-1,1145,1154,425,-1,425,1154,430,-1,425,430,426,-1,430,429,426,-1,426,429,428,-1,426,428,427,-1,427,428,284,-1,427,284,413,-1,377,376,166,-1,166,376,136,-1,273,270,304,-1,304,270,305,-1,382,381,193,-1,193,381,194,-1,191,387,180,-1,180,387,386,-1,180,386,179,-1,179,386,385,-1,179,385,178,-1,178,385,384,-1,178,384,192,-1,192,384,383,-1,192,383,193,-1,193,383,382,-1,273,304,212,-1,212,304,330,-1,212,330,162,-1,162,330,303,-1,162,303,163,-1,163,303,302,-1,163,302,253,-1,253,302,297,-1,1159,283,282,-1,183,1159,182,-1,182,1159,282,-1,182,282,181,-1,181,282,281,-1,181,281,266,-1,266,281,280,-1,266,280,267,-1,267,280,298,-1,267,298,269,-1,269,298,306,-1,269,306,270,-1,270,306,305,-1,1160,155,152,-1,307,1160,308,-1,308,1160,152,-1,308,152,309,-1,309,152,151,-1,309,151,310,-1,310,151,150,-1,310,150,311,-1,311,150,131,-1,311,131,312,-1,312,131,130,-1,312,130,381,-1,381,130,194,-1,184,301,139,-1,139,301,329,-1,139,329,140,-1,140,329,328,-1,140,328,197,-1,197,328,294,-1,197,294,171,-1,171,294,293,-1,171,293,247,-1,247,293,374,-1,247,374,166,-1,166,374,377,-1,136,376,137,-1,137,376,334,-1,137,334,147,-1,147,334,333,-1,147,333,148,-1,148,333,332,-1,148,332,149,-1,149,332,290,-1,149,290,230,-1,230,290,300,-1,230,300,161,-1,161,300,422,-1,253,297,296,-1,253,296,254,-1,254,296,295,-1,254,295,255,-1,255,295,327,-1,255,327,256,-1,256,327,340,-1,256,340,257,-1,160,409,408,-1,160,408,158,-1,158,408,407,-1,158,407,159,-1,159,407,420,-1,159,420,189,-1,189,420,423,-1,189,423,190,-1,190,423,387,-1,190,387,191,-1,276,1161,307,-1,307,1161,1162,-1,307,1162,1160,-1,1159,1163,283,-1,283,1163,1164,-1,283,1164,278,-1,1165,154,155,-1,1166,1167,1168,-1,1165,155,1169,-1,1160,1170,155,-1,155,1170,1171,-1,155,1171,1166,-1,1166,1168,155,-1,155,1168,1172,-1,155,1172,1169,-1,1173,1174,183,-1,183,1174,1175,-1,183,1175,1159,-1,183,153,1176,-1,1176,1177,183,-1,183,1177,1178,-1,183,1178,1173,-1,1173,1178,1179,-1,1173,1179,1180,-1,1167,1180,1168,-1,1168,1180,1179,-1,1168,1179,1172,-1,1172,1179,1178,-1,1172,1178,1169,-1,1169,1178,1177,-1,1169,1177,1165,-1,1165,1177,1176,-1,1165,1176,154,-1,154,1176,153,-1,276,278,1164,-1,276,1164,1161,-1,1161,1164,1163,-1,1161,1163,1162,-1,1162,1163,1160,-1,1160,1163,1159,-1,1160,1159,1170,-1,1159,1175,1170,-1,1170,1175,1174,-1,1170,1174,1171,-1,1171,1174,1173,-1,1171,1173,1166,-1,1167,1166,1180,-1,1180,1166,1173,-1,455,456,753,-1,455,753,769,-1,769,753,752,-1,769,752,770,-1,770,752,751,-1,770,751,777,-1,777,751,748,-1,777,748,778,-1,778,748,747,-1,778,747,776,-1,776,747,750,-1,776,750,775,-1,766,742,741,-1,766,741,771,-1,771,741,749,-1,771,749,772,-1,772,749,745,-1,772,745,773,-1,773,745,744,-1,773,744,767,-1,767,744,743,-1,767,743,768,-1,768,743,746,-1,768,746,774,-1,774,746,459,-1,774,459,458,-1,824,823,982,-1,824,982,912,-1,912,982,988,-1,912,988,914,-1,914,988,987,-1,914,987,913,-1,913,987,986,-1,913,986,911,-1,911,986,985,-1,911,985,915,-1,915,985,981,-1,915,981,906,-1,905,980,984,-1,905,984,910,-1,910,984,979,-1,910,979,907,-1,907,979,978,-1,907,978,908,-1,908,978,977,-1,908,977,909,-1,909,977,983,-1,909,983,903,-1,903,983,976,-1,903,976,904,-1,
        ]
    }
}
Shape{
    appearance Appearance {
        material  Material 	{
            diffuseColor 1.0 1.0 1.0
            specularColor 0.8784313725490196 0.8784313725490196 0.8784313725490196
            ambientIntensity 1.0
            transparency 0.0
            shininess 0.5
        }
    }
    geometry IndexedFaceSet {
        ccw TRUE
        solid FALSE
        coord DEF co Coordinate {
            point [
                0.0225 -0.0921 0.0276, -0.0543 -0.2889 0.0276, 0.0225 -0.0921 0.0197, -0.0543 -0.2889 0.0197, -0.0255 -0.2889 0.0276, -0.0255 -0.2889 0.0197, -0.0056 -0.2337 0.0276, -0.0056 -0.2337 0.0197, 0.0757 -0.2337 0.0276, 0.0757 -0.2337 0.0197, 0.0945 -0.2889 0.0276, 0.0945 -0.2889 0.0197, 0.1233 -0.2889 0.0276, 0.1233 -0.2889 0.0197, 0.0489 -0.0921 0.0276, 0.0489 -0.0921 0.0197, 0.0691 -0.2121 0.0276, 0.0397 -0.1299 0.0276, 0.0378 -0.1231 0.0276, 0.0365 -0.1161 0.0276, 0.0359 -0.1161 0.0276, 0.0346 -0.123 0.0276, 0.0329 -0.1299 0.0276, 0.0032 -0.2121 0.0276, 0.0691 -0.2121 0.0197, 0.0032 -0.2121 0.0197, 0.0397 -0.1299 0.0197, 0.0378 -0.1231 0.0197, 0.0365 -0.1161 0.0197, 0.0359 -0.1161 0.0197, 0.0346 -0.123 0.0197, 0.0329 -0.1299 0.0197, 0.2426 -0.2889 0.0276, 0.2961 -0.2889 0.0276, 0.2426 -0.2889 0.0197, 0.2961 -0.2889 0.0197, 0.2961 -0.0921 0.0276, 0.2961 -0.0921 0.0197, 0.2406 -0.0921 0.0276, 0.2406 -0.0921 0.0197, 0.1377 -0.188 0.0276, 0.1377 -0.188 0.0197, 0.1381 -0.1783 0.0197, 0.1381 -0.1783 0.0276, 0.1419 -0.1575 0.0197, 0.1419 -0.1575 0.0276, 0.1502 -0.1384 0.0197, 0.1502 -0.1384 0.0276, 0.162 -0.123 0.0197, 0.162 -0.123 0.0276, 0.1696 -0.1159 0.0197, 0.1696 -0.1159 0.0276, 0.1891 -0.1032 0.0197, 0.1891 -0.1032 0.0276, 0.2122 -0.0951 0.0197, 0.2122 -0.0951 0.0276, 0.2177 -0.2867 0.0197, 0.2177 -0.2867 0.0276, 0.195 -0.2798 0.0197, 0.195 -0.2798 0.0276, 0.1746 -0.2678 0.0197, 0.1746 -0.2678 0.0276, 0.1586 -0.2522 0.0197, 0.1586 -0.2522 0.0276, 0.1475 -0.2349 0.0197, 0.1475 -0.2349 0.0276, 0.1405 -0.2144 0.0197, 0.1405 -0.2144 0.0276, 0.1641 -0.1886 0.0276, 0.1658 -0.169 0.0276, 0.1704 -0.1534 0.0276, 0.1771 -0.1414 0.0276, 0.1867 -0.1312 0.0276, 0.201 -0.1219 0.0276, 0.2173 -0.1162 0.0276, 0.2407 -0.1137 0.0276, 0.2697 -0.1137 0.0276, 0.2697 -0.2673 0.0276, 0.2418 -0.2673 0.0276, 0.221 -0.2654 0.0276, 0.2044 -0.2602 0.0276, 0.1911 -0.2523 0.0276, 0.18 -0.2414 0.0276, 0.1718 -0.2279 0.0276, 0.1665 -0.2123 0.0276, 0.2407 -0.1137 0.0197, 0.2697 -0.1137 0.0197, 0.2173 -0.1162 0.0197, 0.201 -0.1219 0.0197, 0.1867 -0.1312 0.0197, 0.1771 -0.1414 0.0197, 0.1704 -0.1534 0.0197, 0.1658 -0.169 0.0197, 0.1641 -0.1886 0.0197, 0.1665 -0.2123 0.0197, 0.1718 -0.2279 0.0197, 0.18 -0.2414 0.0197, 0.1911 -0.2523 0.0197, 0.2044 -0.2602 0.0197, 0.221 -0.2654 0.0197, 0.2418 -0.2673 0.0197, 0.2697 -0.2673 0.0197, 0.3346 -0.2673 0.0276, 0.3346 -0.2889 0.0276, 0.3346 -0.2673 0.0197, 0.3346 -0.2889 0.0197, 0.4402 -0.2889 0.0276, 0.4402 -0.2889 0.0197, 0.4402 -0.0921 0.0276, 0.4402 -0.0921 0.0197, 0.3394 -0.0921 0.0276, 0.3394 -0.0921 0.0197, 0.3394 -0.1137 0.0276, 0.3394 -0.1137 0.0197, 0.4138 -0.1137 0.0276, 0.4138 -0.1137 0.0197, 0.4138 -0.1785 0.0276, 0.4138 -0.1785 0.0197, 0.3442 -0.1785 0.0276, 0.3442 -0.1785 0.0197, 0.3442 -0.2001 0.0276, 0.3442 -0.2001 0.0197, 0.4138 -0.2001 0.0276, 0.4138 -0.2001 0.0197, 0.4138 -0.2673 0.0276, 0.4138 -0.2673 0.0197, 0.4786 -0.2571 0.0276, 0.4786 -0.2787 0.0276, 0.4786 -0.2571 0.0197, 0.4786 -0.2787 0.0197, 0.4996 -0.2873 0.0276, 0.5328 -0.2913 0.0276, 0.5328 -0.2913 0.0197, 0.5274 -0.2912 0.0197, 0.5274 -0.2912 0.0276, 0.5195 -0.2901 0.0197, 0.4996 -0.2873 0.0197, 0.625 -0.1942 0.0276, 0.625 -0.1942 0.0197, 0.6231 -0.2172 0.0197, 0.6231 -0.2172 0.0276, 0.617 -0.2383 0.0197, 0.617 -0.2383 0.0276, 0.6065 -0.2568 0.0197, 0.6065 -0.2568 0.0276, 0.5921 -0.272 0.0197, 0.5921 -0.272 0.0276, 0.5761 -0.2823 0.0197, 0.5761 -0.2823 0.0276, 0.557 -0.2888 0.0197, 0.557 -0.2888 0.0276, 0.5443 -0.2901 0.0197, 0.5249 -0.0897 0.0276, 0.5249 -0.0897 0.0197, 0.5457 -0.0915 0.0197, 0.5457 -0.0915 0.0276, 0.5673 -0.098 0.0197, 0.5673 -0.098 0.0276, 0.5857 -0.1087 0.0197, 0.5857 -0.1087 0.0276, 0.6029 -0.1252 0.0197, 0.6029 -0.1252 0.0276, 0.6146 -0.1438 0.0197, 0.6146 -0.1438 0.0276, 0.6222 -0.1663 0.0197, 0.6222 -0.1663 0.0276, 0.4786 -0.0975 0.0276, 0.4786 -0.0975 0.0197, 0.5014 -0.0913 0.0197, 0.5014 -0.0913 0.0276, 0.4786 -0.1239 0.0276, 0.4786 -0.1239 0.0197, 0.5247 -0.1113 0.0276, 0.5247 -0.1113 0.0197, 0.5008 -0.1144 0.0197, 0.5008 -0.1144 0.0276, 0.5986 -0.1926 0.0276, 0.5986 -0.1926 0.0197, 0.5978 -0.1778 0.0197, 0.5978 -0.1778 0.0276, 0.5925 -0.1565 0.0197, 0.5925 -0.1565 0.0276, 0.5845 -0.1413 0.0197, 0.5845 -0.1413 0.0276, 0.5727 -0.1281 0.0197, 0.5727 -0.1281 0.0276, 0.5587 -0.1188 0.0197, 0.5587 -0.1188 0.0276, 0.5441 -0.1135 0.0197, 0.5441 -0.1135 0.0276, 0.5291 -0.2697 0.0276, 0.5291 -0.2697 0.0197, 0.5474 -0.2677 0.0197, 0.5474 -0.2677 0.0276, 0.5619 -0.2624 0.0197, 0.5619 -0.2624 0.0276, 0.574 -0.2542 0.0197, 0.574 -0.2542 0.0276, 0.5831 -0.2445 0.0197, 0.5831 -0.2445 0.0276, 0.5913 -0.2308 0.0197, 0.5913 -0.2308 0.0276, 0.5966 -0.2139 0.0197, 0.5966 -0.2139 0.0276, 0.4821 -0.2591 0.0197, 0.4821 -0.2591 0.0276, 0.503 -0.2668 0.0197, 0.503 -0.2668 0.0276, 0.6418 -0.2673 0.0276, 0.6418 -0.2889 0.0276, 0.6418 -0.2673 0.0197, 0.6418 -0.2889 0.0197, 0.7427 -0.2889 0.0276, 0.7427 -0.2889 0.0197, 0.7427 -0.0921 0.0276, 0.7427 -0.0921 0.0197, 0.7163 -0.0921 0.0276, 0.7163 -0.0921 0.0197, 0.7163 -0.2673 0.0276, 0.7163 -0.2673 0.0197
            ]
        }
        coordIndex [
            0,1,2,-1,2,1,3,-1,1,4,3,-1,3,4,5,-1,4,6,5,-1,5,6,7,-1,6,8,7,-1,7,8,9,-1,8,10,9,-1,9,10,11,-1,10,12,11,-1,11,12,13,-1,12,14,13,-1,13,14,15,-1,14,0,15,-1,15,0,2,-1,16,17,14,-1,12,10,8,-1,17,18,14,-1,14,18,19,-1,14,19,0,-1,0,19,20,-1,0,20,21,-1,21,22,0,-1,0,22,23,-1,0,23,1,-1,4,1,6,-1,6,1,23,-1,6,23,8,-1,8,23,16,-1,8,16,12,-1,12,16,14,-1,16,23,24,-1,24,23,25,-1,17,16,26,-1,26,16,24,-1,17,26,27,-1,17,27,18,-1,18,27,28,-1,18,28,19,-1,20,19,29,-1,29,19,28,-1,20,29,30,-1,20,30,21,-1,21,30,31,-1,21,31,22,-1,23,22,25,-1,25,22,31,-1,32,33,34,-1,34,33,35,-1,33,36,35,-1,35,36,37,-1,36,38,37,-1,37,38,39,-1,40,41,42,-1,40,42,43,-1,43,42,44,-1,43,44,45,-1,45,44,46,-1,45,46,47,-1,47,46,48,-1,47,48,49,-1,49,48,50,-1,49,50,51,-1,51,50,52,-1,51,52,53,-1,53,52,54,-1,53,54,55,-1,55,54,39,-1,55,39,38,-1,32,34,56,-1,32,56,57,-1,57,56,58,-1,57,58,59,-1,59,58,60,-1,59,60,61,-1,61,60,62,-1,61,62,63,-1,63,62,64,-1,63,64,65,-1,65,64,66,-1,65,66,67,-1,67,66,41,-1,67,41,40,-1,67,40,68,-1,68,40,43,-1,68,43,69,-1,69,43,45,-1,69,45,70,-1,70,45,47,-1,70,47,71,-1,71,47,49,-1,71,49,72,-1,72,49,51,-1,72,51,73,-1,73,51,53,-1,73,53,74,-1,74,53,55,-1,74,55,75,-1,75,55,38,-1,75,38,76,-1,76,38,36,-1,76,36,77,-1,77,36,33,-1,77,33,78,-1,78,33,32,-1,78,32,79,-1,79,32,57,-1,79,57,80,-1,80,57,59,-1,80,59,81,-1,81,59,61,-1,81,61,82,-1,82,61,63,-1,82,63,83,-1,83,63,65,-1,83,65,84,-1,84,65,67,-1,84,67,68,-1,75,76,85,-1,85,76,86,-1,75,85,87,-1,75,87,74,-1,74,87,88,-1,74,88,73,-1,73,88,89,-1,73,89,72,-1,72,89,90,-1,72,90,71,-1,71,90,91,-1,71,91,70,-1,70,91,92,-1,70,92,69,-1,69,92,93,-1,69,93,68,-1,68,93,94,-1,68,94,84,-1,84,94,95,-1,84,95,83,-1,83,95,96,-1,83,96,82,-1,82,96,97,-1,82,97,81,-1,81,97,98,-1,81,98,80,-1,80,98,99,-1,80,99,79,-1,79,99,100,-1,79,100,78,-1,77,78,101,-1,101,78,100,-1,76,77,86,-1,86,77,101,-1,102,103,104,-1,104,103,105,-1,103,106,105,-1,105,106,107,-1,106,108,107,-1,107,108,109,-1,108,110,109,-1,109,110,111,-1,110,112,111,-1,111,112,113,-1,112,114,113,-1,113,114,115,-1,114,116,115,-1,115,116,117,-1,116,118,117,-1,117,118,119,-1,118,120,119,-1,119,120,121,-1,120,122,121,-1,121,122,123,-1,122,124,123,-1,123,124,125,-1,124,102,125,-1,125,102,104,-1,106,103,102,-1,102,124,106,-1,106,124,122,-1,106,122,108,-1,112,110,114,-1,114,110,108,-1,114,108,116,-1,116,108,122,-1,116,122,118,-1,118,122,120,-1,126,127,128,-1,128,127,129,-1,129,127,130,-1,131,132,133,-1,131,133,134,-1,134,133,135,-1,134,135,130,-1,130,135,136,-1,130,136,129,-1,137,138,139,-1,137,139,140,-1,140,139,141,-1,140,141,142,-1,142,141,143,-1,142,143,144,-1,144,143,145,-1,144,145,146,-1,146,145,147,-1,146,147,148,-1,148,147,149,-1,148,149,150,-1,150,149,131,-1,131,149,151,-1,131,151,132,-1,152,153,154,-1,152,154,155,-1,155,154,156,-1,155,156,157,-1,157,156,158,-1,157,158,159,-1,159,158,160,-1,159,160,161,-1,161,160,162,-1,161,162,163,-1,163,162,164,-1,163,164,165,-1,165,164,138,-1,165,138,137,-1,166,167,168,-1,166,168,169,-1,169,168,153,-1,169,153,152,-1,166,170,167,-1,167,170,171,-1,172,173,174,-1,172,174,175,-1,175,174,171,-1,175,171,170,-1,176,177,178,-1,176,178,179,-1,179,178,180,-1,179,180,181,-1,181,180,182,-1,181,182,183,-1,183,182,184,-1,183,184,185,-1,185,184,186,-1,185,186,187,-1,187,186,188,-1,187,188,189,-1,189,188,173,-1,189,173,172,-1,190,191,192,-1,190,192,193,-1,193,192,194,-1,193,194,195,-1,195,194,196,-1,195,196,197,-1,197,196,198,-1,197,198,199,-1,199,198,200,-1,199,200,201,-1,201,200,202,-1,201,202,203,-1,203,202,177,-1,203,177,176,-1,126,128,204,-1,126,204,205,-1,205,204,206,-1,205,206,207,-1,207,206,191,-1,207,191,190,-1,193,131,190,-1,190,131,134,-1,190,134,207,-1,207,134,130,-1,207,130,205,-1,205,130,127,-1,205,127,126,-1,170,166,175,-1,175,166,169,-1,175,169,172,-1,172,169,152,-1,172,152,189,-1,189,152,155,-1,189,155,187,-1,187,155,157,-1,187,157,185,-1,185,157,159,-1,185,159,183,-1,183,159,161,-1,183,161,181,-1,181,161,163,-1,181,163,179,-1,179,163,165,-1,179,165,176,-1,176,165,137,-1,176,137,203,-1,203,137,140,-1,203,140,201,-1,201,140,142,-1,201,142,199,-1,199,142,144,-1,199,144,197,-1,197,144,146,-1,197,146,195,-1,195,146,148,-1,195,148,193,-1,193,148,150,-1,193,150,131,-1,208,209,210,-1,210,209,211,-1,209,212,211,-1,211,212,213,-1,212,214,213,-1,213,214,215,-1,214,216,215,-1,215,216,217,-1,216,218,217,-1,217,218,219,-1,218,208,219,-1,219,208,210,-1,216,214,218,-1,218,214,212,-1,218,212,208,-1,208,212,209,-1,
        ]
    }
}
Shape{
    appearance Appearance {
        material  Material 	{
            diffuseColor 0.6666666666666666 0.6666666666666666 0.6666666666666666
            specularColor 0.4666666666666667 0.4666666666666667 0.4666666666666667
            ambientIntensity 0.6667
            transparency 0.0
            shininess 0.5
        }
    }
    geometry IndexedFaceSet {
        ccw TRUE
        solid FALSE
        coord DEF co Coordinate {
            point [
                0.0691 -0.2121 0.0197, 0.0032 -0.2121 0.0197, 0.0397 -0.1299 0.0197, 0.0329 -0.1299 0.0197, 0.0378 -0.1231 0.0197, 0.0346 -0.123 0.0197, 0.0365 -0.1161 0.0197, 0.0359 -0.1161 0.0197, 0.2697 -0.1137 0.0197, 0.2697 -0.2673 0.0197, 0.2407 -0.1137 0.0197, 0.2418 -0.2673 0.0197, 0.1665 -0.2123 0.0197, 0.1641 -0.1886 0.0197, 0.1658 -0.169 0.0197, 0.1704 -0.1534 0.0197, 0.2173 -0.1162 0.0197, 0.221 -0.2654 0.0197, 0.2044 -0.2602 0.0197, 0.1911 -0.2523 0.0197, 0.1771 -0.1414 0.0197, 0.1867 -0.1312 0.0197, 0.201 -0.1219 0.0197, 0.18 -0.2414 0.0197, 0.1718 -0.2279 0.0197
            ]
        }
        coordIndex [
            0,1,2,-1,2,1,3,-1,2,3,4,-1,4,3,5,-1,4,5,6,-1,6,5,7,-1,8,9,10,-1,10,9,11,-1,12,13,10,-1,13,14,10,-1,10,14,15,-1,10,15,16,-1,11,17,10,-1,10,17,18,-1,10,18,19,-1,20,21,15,-1,15,21,22,-1,15,22,16,-1,19,23,10,-1,10,23,24,-1,10,24,12,-1,
        ]
    }
}
Shape{
    appearance Appearance {
        material  Material 	{
            diffuseColor 0.20784313725490197 0.20784313725490197 0.20784313725490197
            specularColor 0.01568627450980392 0.01568627450980392 0.01568627450980392
            ambientIntensity 0.298
            transparency 0.0
            shininess 0.5
        }
    }
    geometry IndexedFaceSet {
        ccw TRUE
        solid FALSE
        coord DEF co Coordinate {
            point [
                1.4237 -0.4374 0.1378, 1.4237 -0.1028 0.1378, 1.439 -0.1028 0.1393, 1.439 -0.4374 0.1393, 1.4538 -0.1028 0.1438, 1.4538 -0.4374 0.1438, 1.4674 -0.1028 0.1511, 1.4674 -0.4374 0.1511, 1.4794 -0.1028 0.1609, 1.4794 -0.4374 0.1609, 1.7285 -0.1028 0.41, 1.7285 -0.4374 0.41, 1.7383 -0.1028 0.4219, 1.7383 -0.4374 0.4219, 1.7456 -0.1028 0.4356, 1.7456 -0.4374 0.4356, 1.7501 -0.1028 0.4503, 1.7501 -0.4374 0.4503, 1.7516 -0.1028 0.4657, 1.7516 -0.4374 0.4657, -0.965 -0.4374 0.4657, -0.965 -0.1028 0.4657, -0.9634 -0.1028 0.4503, -0.9634 -0.4374 0.4503, -0.959 -0.1028 0.4356, -0.959 -0.4374 0.4356, -0.9517 -0.1028 0.4219, -0.9517 -0.4374 0.4219, -0.9419 -0.1028 0.41, -0.9419 -0.4374 0.41, -0.6927 -0.1028 0.1609, -0.6927 -0.4374 0.1609, -0.6808 -0.1028 0.1511, -0.6808 -0.4374 0.1511, -0.6672 -0.1028 0.1438, -0.6672 -0.4374 0.1438, -0.6524 -0.1028 0.1393, -0.6524 -0.4374 0.1393, -0.6371 -0.1028 0.1378, -0.6371 -0.4374 0.1378, -0.3547 -0.6736 0.1378, -0.3547 -0.8311 0.1378, -0.6371 -0.6736 0.1378, -0.6371 -0.8311 0.1378, 1.4794 -0.8311 0.1609, 1.6961 -0.8311 0.3776, 1.4858 -0.8311 0.3776, 0.1866 -0.8311 0.0787, 0.1866 -0.8311 0.0197, 0.3441 -0.8311 0.0197, -0.3547 -0.8311 0.0197, -0.1677 -0.8311 0.0197, -0.1677 -0.8311 0.0787, -0.6992 -0.8311 0.3776, -0.3547 -0.8311 0.5765, -0.0693 -0.8311 0.0197, 0.0882 -0.8311 0.0197, -0.0693 -0.8311 0.0787, 0.0882 -0.8311 0.0787, -0.3547 -0.8311 0.8661, 0.3441 -0.8311 0.0787, 0.4425 -0.8311 0.0197, 0.6 -0.8311 0.0197, 0.4425 -0.8311 0.0787, 0.6 -0.8311 0.0787, 1.1413 -0.8311 0.8661, 1.1413 -0.8311 0.5765, 0.6984 -0.8311 0.0197, 0.8559 -0.8311 0.0197, 0.6984 -0.8311 0.0787, 0.8559 -0.8311 0.0787, -0.9095 -0.8311 0.3776, -0.6927 -0.8311 0.1609, -0.6808 -0.8311 0.1511, -0.6672 -0.8311 0.1438, -0.6524 -0.8311 0.1393, 0.9543 -0.8311 0.0787, 0.9543 -0.8311 0.0197, 1.1413 -0.8311 0.0197, 1.1413 -0.8311 0.1378, 1.4237 -0.8311 0.1378, 1.439 -0.8311 0.1393, 1.4538 -0.8311 0.1438, 1.4674 -0.8311 0.1511, 0.9839 0.5272 0.5118, 0.9839 -0.1028 0.5118, 0.9799 0.5272 0.5118, 0.9799 -0.1028 0.5118, 0.8303 0.5272 0.5118, 0.8303 -0.1028 0.5118, 0.724 0.5272 0.5118, 0.724 -0.1028 0.5118, 0.0626 0.5272 0.5118, 0.0626 -0.1028 0.5118, -0.0437 0.5272 0.5118, -0.0437 -0.1028 0.5118, 0.3185 0.5272 0.5118, 0.3185 -0.1028 0.5118, 0.2122 0.5272 0.5118, 0.2122 -0.1028 0.5118, 0.5744 0.5272 0.5118, 0.5744 -0.1028 0.5118, 0.4681 0.5272 0.5118, 0.4681 -0.1028 0.5118, 0.3185 0.6059 0.5984, 0.3185 0.6059 0.5906, 0.2122 0.6059 0.5906, 0.8303 0.6059 0.5984, 0.9839 0.6059 0.6693, 0.9799 0.6059 0.5984, 0.9839 0.6059 0.5906, 0.9799 0.6059 0.5906, 0.0626 0.6059 0.5906, -0.0437 0.6059 0.5906, 0.0626 0.6059 0.5984, -0.0437 0.6059 0.5984, 0.8303 0.6059 0.5906, 0.724 0.6059 0.5906, 0.724 0.6059 0.5984, 0.5744 0.6059 0.5984, 0.2122 0.6059 0.5984, 0.4681 0.6059 0.5984, 0.4681 0.6059 0.5906, 0.5744 0.6059 0.5906, -0.1933 0.6059 0.5906, -0.1972 0.6059 0.5906, -0.1933 0.6059 0.5984, -0.1972 0.6059 0.6693, -0.1972 -0.1028 0.748, 0.9839 -0.1028 0.748, -0.1972 0.5272 0.748, 0.9839 0.5272 0.748, 1.0626 0.5272 0.5906, 1.0626 0.5272 0.6693, 1.0626 -0.1028 0.5906, 1.0626 -0.1028 0.6693, -0.1933 0.5272 0.5118, -0.1933 -0.1028 0.5118, -0.1972 0.5272 0.5118, -0.1972 -0.1028 0.5118, -0.276 -0.1028 0.5906, -0.276 -0.1028 0.6693, -0.276 0.5272 0.5906, -0.276 0.5272 0.6693, 0.4681 -0.1028 0.5984, 0.4681 0.6032 0.5702, 0.4681 0.5665 0.5224, 0.4681 0.5475 0.5145, 0.4681 0.5828 0.5349, 0.4681 0.5954 0.5512, 0.3185 -0.1028 0.5984, 0.3185 0.6032 0.5702, 0.3185 0.5475 0.5145, 0.3185 0.5665 0.5224, 0.3185 0.5954 0.5512, 0.3185 0.5828 0.5349, 0.2122 -0.1028 0.5984, 0.2122 0.6032 0.5702, 0.2122 0.5665 0.5224, 0.2122 0.5475 0.5145, 0.2122 0.5828 0.5349, 0.2122 0.5954 0.5512, 0.0626 -0.1028 0.5984, 0.0626 0.6032 0.5702, 0.0626 0.5475 0.5145, 0.0626 0.5665 0.5224, 0.0626 0.5828 0.5349, 0.0626 0.5954 0.5512, -0.0437 -0.1028 0.5984, -0.0437 0.6032 0.5702, -0.0437 0.5665 0.5224, -0.0437 0.5475 0.5145, -0.0437 0.5828 0.5349, -0.0437 0.5954 0.5512, -0.1933 -0.1028 0.5984, -0.1933 0.6032 0.5702, -0.1933 0.5475 0.5145, -0.1933 0.5665 0.5224, -0.1933 0.5954 0.5512, -0.1933 0.5828 0.5349, 0.724 -0.1028 0.5984, 0.724 0.6032 0.5702, 0.724 0.5954 0.5512, 0.724 0.5475 0.5145, 0.724 0.5828 0.5349, 0.724 0.5665 0.5224, 0.5744 -0.1028 0.5984, 0.5744 0.6032 0.5702, 0.5744 0.5475 0.5145, 0.5744 0.5665 0.5224, 0.5744 0.5828 0.5349, 0.5744 0.5954 0.5512, 0.9799 -0.1028 0.5984, 0.9799 0.5828 0.5349, 0.9799 0.5665 0.5224, 0.9799 0.5475 0.5145, 0.9799 0.5954 0.5512, 0.9799 0.6032 0.5702, 0.8303 -0.1028 0.5984, 0.8303 0.5475 0.5145, 0.8303 0.5665 0.5224, 0.8303 0.5828 0.5349, 0.8303 0.6032 0.5702, 0.8303 0.5954 0.5512, 0.9839 0.5475 0.5145, 0.9839 0.5665 0.5224, 0.9839 0.5828 0.5349, 0.9839 0.5954 0.5512, 0.9839 0.6032 0.5702, 1.0042 0.5272 0.5145, 1.0042 -0.1028 0.5145, 1.0232 0.5272 0.5224, 1.0232 -0.1028 0.5224, 1.0395 0.5272 0.5349, 1.0395 -0.1028 0.5349, 1.0521 0.5272 0.5512, 1.0521 -0.1028 0.5512, 1.0599 0.5272 0.5702, 1.0599 -0.1028 0.5702, 1.0035 0.5475 0.5171, 1.0035 0.5954 0.5565, 0.9941 0.6032 0.5729, 0.9983 0.6032 0.5761, 1.0042 0.6032 0.5906, 1.0035 0.6032 0.5853, 0.9891 0.6032 0.5709, 0.9941 0.5954 0.5525, 0.9983 0.5828 0.5368, 1.0117 0.5954 0.5627, 1.0015 0.6032 0.5804, 1.018 0.5954 0.5709, 1.0219 0.5954 0.5804, 1.0232 0.5954 0.5906, 1.0117 0.5828 0.5423, 1.0232 0.5828 0.5512, 1.0321 0.5828 0.5627, 1.0376 0.5828 0.5761, 1.0395 0.5828 0.5906, 1.0015 0.5665 0.5247, 1.018 0.5665 0.5315, 1.0321 0.5665 0.5423, 1.0429 0.5665 0.5565, 1.0497 0.5665 0.5729, 1.0521 0.5665 0.5906, 1.0219 0.5475 0.5247, 1.0376 0.5475 0.5368, 1.0497 0.5475 0.5525, 1.0573 0.5475 0.5709, 1.0599 0.5475 0.5906, 1.0599 0.5475 0.6693, 1.0521 0.5665 0.6693, 1.0395 0.5828 0.6693, 1.0232 0.5954 0.6693, 1.0042 0.6032 0.6693, 1.0599 0.5272 0.6897, 1.0599 -0.1028 0.6897, 1.0521 0.5272 0.7087, 1.0521 -0.1028 0.7087, 1.0395 0.5272 0.725, 1.0395 -0.1028 0.725, 1.0232 0.5272 0.7375, 1.0232 -0.1028 0.7375, 1.0042 0.5272 0.7453, 1.0042 -0.1028 0.7453, 1.0573 0.5475 0.689, 1.018 0.5954 0.689, 1.0015 0.6032 0.6795, 0.9983 0.6032 0.6837, 0.9839 0.6032 0.6897, 0.9891 0.6032 0.689, 1.0035 0.6032 0.6746, 1.0219 0.5954 0.6795, 1.0376 0.5828 0.6837, 1.0117 0.5954 0.6971, 0.9941 0.6032 0.6869, 1.0035 0.5954 0.7034, 0.9941 0.5954 0.7073, 0.9839 0.5954 0.7087, 1.0321 0.5828 0.6971, 1.0232 0.5828 0.7087, 1.0117 0.5828 0.7175, 0.9983 0.5828 0.7231, 0.9839 0.5828 0.725, 1.0497 0.5665 0.6869, 1.0429 0.5665 0.7034, 1.0321 0.5665 0.7175, 1.018 0.5665 0.7283, 1.0015 0.5665 0.7352, 0.9839 0.5665 0.7375, 1.0497 0.5475 0.7073, 1.0376 0.5475 0.7231, 1.0219 0.5475 0.7352, 1.0035 0.5475 0.7428, 0.9839 0.5475 0.7453, -0.1972 0.5475 0.7453, -0.1972 0.5665 0.7375, -0.1972 0.5828 0.725, -0.1972 0.5954 0.7087, -0.1972 0.6032 0.6897, -0.2176 0.5272 0.7453, -0.2176 -0.1028 0.7453, -0.2366 0.5272 0.7375, -0.2366 -0.1028 0.7375, -0.2529 0.5272 0.725, -0.2529 -0.1028 0.725, -0.2654 0.5272 0.7087, -0.2654 -0.1028 0.7087, -0.2733 0.5272 0.6897, -0.2733 -0.1028 0.6897, -0.2169 0.5475 0.7428, -0.2169 0.5954 0.7034, -0.2074 0.6032 0.6869, -0.2117 0.6032 0.6837, -0.2176 0.6032 0.6693, -0.2169 0.6032 0.6746, -0.2025 0.6032 0.689, -0.2074 0.5954 0.7073, -0.2117 0.5828 0.7231, -0.2251 0.5954 0.6971, -0.2149 0.6032 0.6795, -0.2313 0.5954 0.689, -0.2353 0.5954 0.6795, -0.2366 0.5954 0.6693, -0.2251 0.5828 0.7175, -0.2366 0.5828 0.7087, -0.2455 0.5828 0.6971, -0.251 0.5828 0.6837, -0.2529 0.5828 0.6693, -0.2149 0.5665 0.7352, -0.2313 0.5665 0.7283, -0.2455 0.5665 0.7175, -0.2563 0.5665 0.7034, -0.2631 0.5665 0.6869, -0.2654 0.5665 0.6693, -0.2353 0.5475 0.7352, -0.251 0.5475 0.7231, -0.2631 0.5475 0.7073, -0.2707 0.5475 0.689, -0.2733 0.5475 0.6693, -0.2733 0.5475 0.5906, -0.2654 0.5665 0.5906, -0.2529 0.5828 0.5906, -0.2366 0.5954 0.5906, -0.2176 0.6032 0.5906, -0.2733 0.5272 0.5702, -0.2733 -0.1028 0.5702, -0.2654 0.5272 0.5512, -0.2654 -0.1028 0.5512, -0.2529 0.5272 0.5349, -0.2529 -0.1028 0.5349, -0.2366 0.5272 0.5224, -0.2366 -0.1028 0.5224, -0.2176 0.5272 0.5145, -0.2176 -0.1028 0.5145, -0.2707 0.5475 0.5709, -0.2313 0.5954 0.5709, -0.2149 0.6032 0.5804, -0.2117 0.6032 0.5761, -0.1972 0.6032 0.5702, -0.2025 0.6032 0.5709, -0.2169 0.6032 0.5853, -0.2353 0.5954 0.5804, -0.251 0.5828 0.5761, -0.2251 0.5954 0.5627, -0.2074 0.6032 0.5729, -0.2169 0.5954 0.5565, -0.2074 0.5954 0.5525, -0.1972 0.5954 0.5512, -0.2455 0.5828 0.5627, -0.2366 0.5828 0.5512, -0.2251 0.5828 0.5423, -0.2117 0.5828 0.5368, -0.1972 0.5828 0.5349, -0.2631 0.5665 0.5729, -0.2563 0.5665 0.5565, -0.2455 0.5665 0.5423, -0.2313 0.5665 0.5315, -0.2149 0.5665 0.5247, -0.1972 0.5665 0.5224, -0.2631 0.5475 0.5525, -0.251 0.5475 0.5368, -0.2353 0.5475 0.5247, -0.2169 0.5475 0.5171, -0.1972 0.5475 0.5145, -0.8862 -0.1028 0.8661, -0.9037 -0.1028 0.8642, 1.6728 -0.1028 0.8661, -0.965 -0.1028 0.7874, -0.963 -0.1028 0.8049, -0.9572 -0.1028 0.8216, -0.9478 -0.1028 0.8365, -0.9353 -0.1028 0.849, -0.9204 -0.1028 0.8583, 1.7344 -0.1028 0.8365, 1.7438 -0.1028 0.8216, 1.7496 -0.1028 0.8049, 1.7516 -0.1028 0.7874, 1.6904 -0.1028 0.8642, 1.707 -0.1028 0.8583, 1.7219 -0.1028 0.849, 1.4237 -0.6736 0.1378, 1.439 -0.6736 0.1393, 1.4538 -0.6736 0.1438, 1.4674 -0.6736 0.1511, 1.4794 -0.6736 0.1609, 1.7285 -0.9886 0.41, 1.6961 -0.9886 0.3776, 1.7285 -0.6736 0.41, 1.7383 -0.6736 0.4219, 1.7383 -0.9886 0.4219, 1.7456 -0.6736 0.4356, 1.7456 -0.9886 0.4356, 1.7501 -0.6736 0.4503, 1.7501 -0.9886 0.4503, 1.7516 -0.6736 0.4657, 1.7516 -0.9886 0.4657, 1.7516 -0.9886 0.7874, 1.7516 -0.6736 0.2559, 1.7516 -0.4374 0.2559, 1.7496 -0.9886 0.8049, 1.7438 -0.9886 0.8216, 1.7344 -0.9886 0.8365, 1.7219 -0.9886 0.849, 1.707 -0.9886 0.8583, 1.6904 -0.9886 0.8642, 1.6728 -0.9886 0.8661, 1.1413 -0.9886 0.8661, -0.3547 -0.9886 0.8661, -0.8862 -0.9886 0.8661, -0.9037 -0.9886 0.8642, -0.9204 -0.9886 0.8583, -0.9353 -0.9886 0.849, -0.9478 -0.9886 0.8365, -0.9572 -0.9886 0.8216, -0.963 -0.9886 0.8049, -0.965 -0.9886 0.7874, -0.965 -0.9886 0.4657, -0.965 -0.6736 0.4657, -0.965 -0.6736 0.2559, -0.965 -0.4374 0.2559, -0.9634 -0.6736 0.4503, -0.9634 -0.9886 0.4503, -0.959 -0.6736 0.4356, -0.959 -0.9886 0.4356, -0.9517 -0.6736 0.4219, -0.9517 -0.9886 0.4219, -0.9419 -0.6736 0.41, -0.9419 -0.9886 0.41, -0.9095 -0.9886 0.3776, -0.6927 -0.6736 0.1609, -0.6808 -0.6736 0.1511, -0.6672 -0.6736 0.1438, -0.6524 -0.6736 0.1393, 1.1413 -0.6736 0.1378, -0.8312 -0.4374 0.0431, -0.7813 -0.4374 0.0256, -0.7287 -0.4374 0.0197, -0.876 -0.4374 0.0712, -0.9134 -0.4374 0.1086, -0.9416 -0.4374 0.1534, -0.959 -0.4374 0.2033, 1.5154 -0.4374 0.0197, 1.7282 -0.4374 0.1534, 1.7 -0.4374 0.1086, 1.7457 -0.4374 0.2033, 1.5679 -0.4374 0.0256, 1.6178 -0.4374 0.0431, 1.6626 -0.4374 0.0712, 1.1413 -0.6736 0.0197, -0.3547 -0.6736 0.0197, -0.7287 -0.6736 0.0197, 0.4425 -0.6792 0.0197, 0.3441 -0.6792 0.0197, 0.6 -0.6792 0.0197, 1.5154 -0.6736 0.0197, 0.0882 -0.6792 0.0197, 0.1866 -0.6792 0.0197, -0.1677 -0.6792 0.0197, -0.0693 -0.6792 0.0197, 0.8559 -0.6792 0.0197, 0.9543 -0.6792 0.0197, 0.6984 -0.6792 0.0197
            ]
        }
        coordIndex [
            0,1,2,-1,0,2,3,-1,3,2,4,-1,3,4,5,-1,5,4,6,-1,5,6,7,-1,7,6,8,-1,7,8,9,-1,8,10,9,-1,9,10,11,-1,11,10,12,-1,11,12,13,-1,13,12,14,-1,13,14,15,-1,15,14,16,-1,15,16,17,-1,17,16,18,-1,17,18,19,-1,20,21,22,-1,20,22,23,-1,23,22,24,-1,23,24,25,-1,25,24,26,-1,25,26,27,-1,27,26,28,-1,27,28,29,-1,28,30,29,-1,29,30,31,-1,31,30,32,-1,31,32,33,-1,33,32,34,-1,33,34,35,-1,35,34,36,-1,35,36,37,-1,37,36,38,-1,37,38,39,-1,38,1,39,-1,39,1,0,-1,40,41,42,-1,42,41,43,-1,44,45,46,-1,47,48,49,-1,50,51,41,-1,41,51,52,-1,41,52,53,-1,53,52,54,-1,55,56,57,-1,57,56,58,-1,52,57,54,-1,54,57,58,-1,54,58,59,-1,59,58,47,-1,59,47,60,-1,60,47,49,-1,61,62,63,-1,63,62,64,-1,60,63,59,-1,59,63,64,-1,59,64,65,-1,65,64,66,-1,67,68,69,-1,69,68,70,-1,71,72,53,-1,53,72,73,-1,53,73,74,-1,74,75,53,-1,53,75,43,-1,53,43,41,-1,76,46,70,-1,70,46,66,-1,70,66,69,-1,69,66,64,-1,77,78,76,-1,76,78,79,-1,76,79,46,-1,46,79,80,-1,46,80,81,-1,81,82,46,-1,46,82,83,-1,46,83,44,-1,84,85,86,-1,86,85,87,-1,88,89,90,-1,90,89,91,-1,92,93,94,-1,94,93,95,-1,96,97,98,-1,98,97,99,-1,100,101,102,-1,102,101,103,-1,104,105,106,-1,107,108,109,-1,109,108,110,-1,109,110,111,-1,112,113,114,-1,114,113,115,-1,116,117,107,-1,107,117,118,-1,107,118,108,-1,108,118,119,-1,106,120,104,-1,104,120,108,-1,104,108,121,-1,121,108,119,-1,121,119,122,-1,122,119,123,-1,124,125,126,-1,126,125,127,-1,126,127,115,-1,115,127,108,-1,115,108,114,-1,114,108,120,-1,128,129,130,-1,130,129,131,-1,132,133,134,-1,134,133,135,-1,136,137,138,-1,138,137,139,-1,140,141,142,-1,142,141,143,-1,102,103,144,-1,144,121,102,-1,102,121,122,-1,102,122,145,-1,146,147,148,-1,148,147,102,-1,148,102,149,-1,149,102,145,-1,104,121,150,-1,150,121,144,-1,105,104,150,-1,150,97,105,-1,105,97,96,-1,105,96,151,-1,96,152,151,-1,151,152,153,-1,151,153,154,-1,154,153,155,-1,98,99,156,-1,156,120,98,-1,98,120,106,-1,98,106,157,-1,158,159,160,-1,160,159,98,-1,160,98,161,-1,161,98,157,-1,114,120,162,-1,162,120,156,-1,112,114,162,-1,162,93,112,-1,112,93,92,-1,112,92,163,-1,164,165,166,-1,164,166,92,-1,92,166,167,-1,92,167,163,-1,94,95,168,-1,168,115,94,-1,94,115,113,-1,94,113,169,-1,170,171,172,-1,172,171,94,-1,172,94,173,-1,173,94,169,-1,126,115,174,-1,174,115,168,-1,124,126,174,-1,174,137,124,-1,124,137,136,-1,124,136,175,-1,136,176,175,-1,175,176,177,-1,175,177,178,-1,178,177,179,-1,91,180,90,-1,90,180,118,-1,90,118,117,-1,117,181,90,-1,90,181,182,-1,90,182,183,-1,183,182,184,-1,183,184,185,-1,119,118,186,-1,186,118,180,-1,123,119,186,-1,186,101,123,-1,123,101,100,-1,123,100,187,-1,188,189,190,-1,188,190,100,-1,100,190,191,-1,100,191,187,-1,86,87,192,-1,193,194,195,-1,193,195,196,-1,192,109,86,-1,86,109,111,-1,86,111,195,-1,195,111,197,-1,195,197,196,-1,107,109,198,-1,198,109,192,-1,116,107,198,-1,199,200,201,-1,198,89,116,-1,116,89,88,-1,116,88,202,-1,202,88,199,-1,202,199,203,-1,203,199,201,-1,92,94,171,-1,92,171,164,-1,164,171,170,-1,164,170,165,-1,165,170,172,-1,165,172,166,-1,166,172,173,-1,166,173,167,-1,167,173,169,-1,167,169,163,-1,163,169,113,-1,163,113,112,-1,96,98,159,-1,96,159,152,-1,152,159,158,-1,152,158,153,-1,153,158,160,-1,153,160,155,-1,155,160,161,-1,155,161,154,-1,154,161,157,-1,154,157,151,-1,151,157,106,-1,151,106,105,-1,100,102,147,-1,100,147,188,-1,188,147,146,-1,188,146,189,-1,189,146,148,-1,189,148,190,-1,190,148,149,-1,190,149,191,-1,191,149,145,-1,191,145,187,-1,187,145,122,-1,187,122,123,-1,88,90,183,-1,88,183,199,-1,199,183,185,-1,199,185,200,-1,200,185,184,-1,200,184,201,-1,201,184,182,-1,201,182,203,-1,203,182,181,-1,203,181,202,-1,202,181,117,-1,202,117,116,-1,84,86,195,-1,84,195,204,-1,204,195,194,-1,204,194,205,-1,205,194,193,-1,205,193,206,-1,206,193,196,-1,206,196,207,-1,207,196,197,-1,207,197,208,-1,208,197,111,-1,208,111,110,-1,85,84,209,-1,85,209,210,-1,210,209,211,-1,210,211,212,-1,212,211,213,-1,212,213,214,-1,214,213,215,-1,214,215,216,-1,216,215,217,-1,216,217,218,-1,218,217,132,-1,218,132,134,-1,84,204,219,-1,220,221,222,-1,110,223,224,-1,222,221,110,-1,225,110,221,-1,225,221,226,-1,226,221,220,-1,226,220,227,-1,208,110,225,-1,228,229,230,-1,230,229,224,-1,230,224,231,-1,231,224,223,-1,231,223,232,-1,208,225,207,-1,207,225,226,-1,207,226,206,-1,206,226,227,-1,206,227,205,-1,233,228,234,-1,234,228,230,-1,234,230,235,-1,235,230,231,-1,235,231,236,-1,236,231,232,-1,236,232,237,-1,238,233,239,-1,239,233,234,-1,239,234,240,-1,240,234,235,-1,240,235,241,-1,241,235,236,-1,241,236,242,-1,242,236,237,-1,242,237,243,-1,204,238,219,-1,219,238,239,-1,219,239,244,-1,244,239,240,-1,244,240,245,-1,245,240,241,-1,245,241,246,-1,246,241,242,-1,246,242,247,-1,247,242,243,-1,247,243,248,-1,84,219,209,-1,209,219,244,-1,209,244,211,-1,211,244,245,-1,211,245,213,-1,213,245,246,-1,213,246,215,-1,215,246,247,-1,215,247,217,-1,217,247,248,-1,217,248,132,-1,229,110,224,-1,204,205,238,-1,238,205,227,-1,238,227,233,-1,233,227,220,-1,233,220,228,-1,228,220,222,-1,228,222,229,-1,229,222,110,-1,133,132,248,-1,133,248,249,-1,249,248,243,-1,249,243,250,-1,250,243,237,-1,250,237,251,-1,251,237,232,-1,251,232,252,-1,252,232,223,-1,252,223,253,-1,253,223,110,-1,253,110,108,-1,135,133,254,-1,135,254,255,-1,255,254,256,-1,255,256,257,-1,257,256,258,-1,257,258,259,-1,259,258,260,-1,259,260,261,-1,261,260,262,-1,261,262,263,-1,263,262,131,-1,263,131,129,-1,133,249,264,-1,265,266,267,-1,108,268,269,-1,267,266,108,-1,270,108,266,-1,270,266,271,-1,271,266,265,-1,271,265,272,-1,253,108,270,-1,273,274,275,-1,275,274,269,-1,275,269,276,-1,276,269,268,-1,276,268,277,-1,253,270,252,-1,252,270,271,-1,252,271,251,-1,251,271,272,-1,251,272,250,-1,278,273,279,-1,279,273,275,-1,279,275,280,-1,280,275,276,-1,280,276,281,-1,281,276,277,-1,281,277,282,-1,283,278,284,-1,284,278,279,-1,284,279,285,-1,285,279,280,-1,285,280,286,-1,286,280,281,-1,286,281,287,-1,287,281,282,-1,287,282,288,-1,249,283,264,-1,264,283,284,-1,264,284,289,-1,289,284,285,-1,289,285,290,-1,290,285,286,-1,290,286,291,-1,291,286,287,-1,291,287,292,-1,292,287,288,-1,292,288,293,-1,133,264,254,-1,254,264,289,-1,254,289,256,-1,256,289,290,-1,256,290,258,-1,258,290,291,-1,258,291,260,-1,260,291,292,-1,260,292,262,-1,262,292,293,-1,262,293,131,-1,274,108,269,-1,249,250,283,-1,283,250,272,-1,283,272,278,-1,278,272,265,-1,278,265,273,-1,273,265,267,-1,273,267,274,-1,274,267,108,-1,130,131,293,-1,130,293,294,-1,294,293,288,-1,294,288,295,-1,295,288,282,-1,295,282,296,-1,296,282,277,-1,296,277,297,-1,297,277,268,-1,297,268,298,-1,298,268,108,-1,298,108,127,-1,128,130,299,-1,128,299,300,-1,300,299,301,-1,300,301,302,-1,302,301,303,-1,302,303,304,-1,304,303,305,-1,304,305,306,-1,306,305,307,-1,306,307,308,-1,308,307,143,-1,308,143,141,-1,130,294,309,-1,310,311,312,-1,127,313,314,-1,312,311,127,-1,315,127,311,-1,315,311,316,-1,316,311,310,-1,316,310,317,-1,298,127,315,-1,318,319,320,-1,320,319,314,-1,320,314,321,-1,321,314,313,-1,321,313,322,-1,298,315,297,-1,297,315,316,-1,297,316,296,-1,296,316,317,-1,296,317,295,-1,323,318,324,-1,324,318,320,-1,324,320,325,-1,325,320,321,-1,325,321,326,-1,326,321,322,-1,326,322,327,-1,328,323,329,-1,329,323,324,-1,329,324,330,-1,330,324,325,-1,330,325,331,-1,331,325,326,-1,331,326,332,-1,332,326,327,-1,332,327,333,-1,294,328,309,-1,309,328,329,-1,309,329,334,-1,334,329,330,-1,334,330,335,-1,335,330,331,-1,335,331,336,-1,336,331,332,-1,336,332,337,-1,337,332,333,-1,337,333,338,-1,130,309,299,-1,299,309,334,-1,299,334,301,-1,301,334,335,-1,301,335,303,-1,303,335,336,-1,303,336,305,-1,305,336,337,-1,305,337,307,-1,307,337,338,-1,307,338,143,-1,319,127,314,-1,294,295,328,-1,328,295,317,-1,328,317,323,-1,323,317,310,-1,323,310,318,-1,318,310,312,-1,318,312,319,-1,319,312,127,-1,142,143,338,-1,142,338,339,-1,339,338,333,-1,339,333,340,-1,340,333,327,-1,340,327,341,-1,341,327,322,-1,341,322,342,-1,342,322,313,-1,342,313,343,-1,343,313,127,-1,343,127,125,-1,140,142,344,-1,140,344,345,-1,345,344,346,-1,345,346,347,-1,347,346,348,-1,347,348,349,-1,349,348,350,-1,349,350,351,-1,351,350,352,-1,351,352,353,-1,353,352,138,-1,353,138,139,-1,142,339,354,-1,355,356,357,-1,125,358,359,-1,357,356,125,-1,360,125,356,-1,360,356,361,-1,361,356,355,-1,361,355,362,-1,343,125,360,-1,363,364,365,-1,365,364,359,-1,365,359,366,-1,366,359,358,-1,366,358,367,-1,343,360,342,-1,342,360,361,-1,342,361,341,-1,341,361,362,-1,341,362,340,-1,368,363,369,-1,369,363,365,-1,369,365,370,-1,370,365,366,-1,370,366,371,-1,371,366,367,-1,371,367,372,-1,373,368,374,-1,374,368,369,-1,374,369,375,-1,375,369,370,-1,375,370,376,-1,376,370,371,-1,376,371,377,-1,377,371,372,-1,377,372,378,-1,339,373,354,-1,354,373,374,-1,354,374,379,-1,379,374,375,-1,379,375,380,-1,380,375,376,-1,380,376,381,-1,381,376,377,-1,381,377,382,-1,382,377,378,-1,382,378,383,-1,142,354,344,-1,344,354,379,-1,344,379,346,-1,346,379,380,-1,346,380,348,-1,348,380,381,-1,348,381,350,-1,350,381,382,-1,350,382,352,-1,352,382,383,-1,352,383,138,-1,364,125,359,-1,339,340,373,-1,373,340,362,-1,373,362,368,-1,368,362,355,-1,368,355,363,-1,363,355,357,-1,363,357,364,-1,364,357,125,-1,136,138,383,-1,136,383,176,-1,176,383,378,-1,176,378,177,-1,177,378,372,-1,177,372,179,-1,179,372,367,-1,179,367,178,-1,178,367,358,-1,178,358,175,-1,175,358,125,-1,175,125,124,-1,174,168,95,-1,24,22,140,-1,140,22,21,-1,140,21,141,-1,349,351,38,-1,38,351,353,-1,162,156,99,-1,99,97,1,-1,347,30,345,-1,345,30,28,-1,345,28,140,-1,140,28,26,-1,140,26,24,-1,38,36,349,-1,349,36,34,-1,349,34,347,-1,347,34,32,-1,347,32,30,-1,353,139,38,-1,38,139,137,-1,38,137,1,-1,150,144,103,-1,162,99,93,-1,93,99,1,-1,93,1,95,-1,95,1,137,-1,95,137,174,-1,186,180,91,-1,91,89,1,-1,198,192,87,-1,186,91,101,-1,101,91,1,-1,101,1,103,-1,103,1,97,-1,103,97,150,-1,302,304,384,-1,384,304,306,-1,384,306,385,-1,385,306,308,-1,263,129,386,-1,386,129,128,-1,386,128,384,-1,384,128,300,-1,384,300,302,-1,21,387,141,-1,141,387,388,-1,141,388,389,-1,389,390,141,-1,141,390,391,-1,141,391,308,-1,308,391,392,-1,308,392,385,-1,85,1,87,-1,87,1,89,-1,87,89,198,-1,255,257,386,-1,257,259,386,-1,386,259,261,-1,386,261,263,-1,393,394,135,-1,85,210,1,-1,1,210,212,-1,1,212,2,-1,2,212,214,-1,2,214,4,-1,4,214,216,-1,4,216,6,-1,16,14,134,-1,134,14,12,-1,134,12,218,-1,218,12,10,-1,218,10,216,-1,216,10,8,-1,216,8,6,-1,394,395,135,-1,135,395,396,-1,135,396,134,-1,134,396,18,-1,134,18,16,-1,386,397,255,-1,255,397,398,-1,255,398,135,-1,135,398,399,-1,135,399,393,-1,80,400,401,-1,80,401,81,-1,81,401,402,-1,81,402,82,-1,82,402,403,-1,82,403,83,-1,83,403,404,-1,83,404,44,-1,405,406,45,-1,44,404,45,-1,45,404,407,-1,45,407,405,-1,405,407,408,-1,405,408,409,-1,409,408,410,-1,409,410,411,-1,411,410,412,-1,411,412,413,-1,413,412,414,-1,413,414,415,-1,19,18,396,-1,416,415,414,-1,417,418,414,-1,414,418,19,-1,414,19,416,-1,416,19,396,-1,416,396,395,-1,416,395,419,-1,419,395,394,-1,419,394,420,-1,420,394,393,-1,420,393,421,-1,421,393,399,-1,421,399,422,-1,422,399,398,-1,422,398,423,-1,423,398,397,-1,423,397,424,-1,424,397,386,-1,424,386,425,-1,426,425,65,-1,65,425,386,-1,65,386,59,-1,59,386,384,-1,59,384,427,-1,427,384,428,-1,428,384,385,-1,428,385,429,-1,429,385,392,-1,429,392,430,-1,430,392,391,-1,430,391,431,-1,431,391,390,-1,431,390,432,-1,432,390,389,-1,432,389,433,-1,433,389,388,-1,433,388,434,-1,434,388,387,-1,434,387,435,-1,387,21,435,-1,435,21,20,-1,436,435,437,-1,437,435,20,-1,437,20,438,-1,438,20,439,-1,436,437,440,-1,436,440,441,-1,441,440,442,-1,441,442,443,-1,443,442,444,-1,443,444,445,-1,445,444,446,-1,445,446,447,-1,448,447,71,-1,71,447,446,-1,71,446,72,-1,72,446,449,-1,72,449,450,-1,72,450,73,-1,73,450,451,-1,73,451,74,-1,74,451,452,-1,74,452,75,-1,75,452,42,-1,75,42,43,-1,400,80,453,-1,453,80,79,-1,20,23,439,-1,439,23,25,-1,439,25,27,-1,13,15,418,-1,418,15,17,-1,418,17,19,-1,454,31,455,-1,455,31,33,-1,455,33,456,-1,456,33,35,-1,454,457,31,-1,31,457,458,-1,31,458,459,-1,459,460,31,-1,31,460,439,-1,31,439,29,-1,29,439,27,-1,0,461,39,-1,39,461,456,-1,39,456,37,-1,37,456,35,-1,462,463,9,-1,462,9,464,-1,0,3,461,-1,461,3,5,-1,461,5,465,-1,465,5,7,-1,465,7,466,-1,466,7,9,-1,466,9,467,-1,467,9,463,-1,464,9,418,-1,418,9,11,-1,418,11,13,-1,79,78,453,-1,453,78,468,-1,50,41,469,-1,469,41,40,-1,469,470,456,-1,471,472,456,-1,473,62,61,-1,456,461,468,-1,468,461,474,-1,475,456,476,-1,476,456,472,-1,476,472,48,-1,48,472,49,-1,477,51,50,-1,50,469,477,-1,477,469,456,-1,477,456,478,-1,478,456,475,-1,478,475,55,-1,55,475,56,-1,479,456,480,-1,480,456,468,-1,480,468,77,-1,77,468,78,-1,61,471,473,-1,473,471,456,-1,473,456,481,-1,481,456,479,-1,481,479,67,-1,67,479,68,-1,
        ]
    }
}
Shape{
    appearance Appearance {
        material  Material 	{
            diffuseColor 0.8274509803921568 0.6666666666666666 0.12941176470588237
            specularColor 0.8274509803921568 0.6666666666666666 0.12941176470588237
            ambientIntensity 0.6535
            transparency 0.0
            shininess 0.5
        }
    }
    geometry IndexedFaceSet {
        ccw TRUE
        solid FALSE
        coord DEF co Coordinate {
            point [
                0.3441 -0.6792 0.0197, 0.4425 -0.6792 0.0197, 0.4425 -0.6995 0.0089, 0.3441 -0.6995 0.0089, 0.4425 -0.7216 0.0022, 0.3441 -0.7216 0.0022, 0.4425 -0.7445 0.0, 0.3441 -0.7445 0.0, 0.3441 -1.0004 0.0, 0.4425 -1.0004 0.0, 0.3441 -1.0004 0.0787, 0.4425 -1.0004 0.0787, 0.3441 -0.8311 0.0787, 0.4425 -0.8311 0.0787, 0.3441 -0.8311 0.0197, 0.4425 -0.8311 0.0197, 0.6 -0.6792 0.0197, 0.6984 -0.6792 0.0197, 0.6984 -0.6995 0.0089, 0.6 -0.6995 0.0089, 0.6984 -0.7216 0.0022, 0.6 -0.7216 0.0022, 0.6984 -0.7445 0.0, 0.6 -0.7445 0.0, 0.6 -1.0004 0.0, 0.6984 -1.0004 0.0, 0.6 -1.0004 0.0787, 0.6984 -1.0004 0.0787, 0.6 -0.8311 0.0787, 0.6984 -0.8311 0.0787, 0.6 -0.8311 0.0197, 0.6984 -0.8311 0.0197, 0.8559 -0.6792 0.0197, 0.9543 -0.6792 0.0197, 0.9543 -0.6995 0.0089, 0.8559 -0.6995 0.0089, 0.9543 -0.7216 0.0022, 0.8559 -0.7216 0.0022, 0.9543 -0.7445 0.0, 0.8559 -0.7445 0.0, 0.8559 -1.0004 0.0, 0.9543 -1.0004 0.0, 0.8559 -1.0004 0.0787, 0.9543 -1.0004 0.0787, 0.8559 -0.8311 0.0787, 0.9543 -0.8311 0.0787, 0.8559 -0.8311 0.0197, 0.9543 -0.8311 0.0197, 0.0882 -0.6792 0.0197, 0.1866 -0.6792 0.0197, 0.1866 -0.6995 0.0089, 0.0882 -0.6995 0.0089, 0.1866 -0.7216 0.0022, 0.0882 -0.7216 0.0022, 0.1866 -0.7445 0.0, 0.0882 -0.7445 0.0, 0.0882 -1.0004 0.0, 0.1866 -1.0004 0.0, 0.0882 -1.0004 0.0787, 0.1866 -1.0004 0.0787, 0.0882 -0.8311 0.0787, 0.1866 -0.8311 0.0787, 0.0882 -0.8311 0.0197, 0.1866 -0.8311 0.0197, -0.1677 -0.6792 0.0197, -0.0693 -0.6792 0.0197, -0.0693 -0.6995 0.0089, -0.1677 -0.6995 0.0089, -0.0693 -0.7216 0.0022, -0.1677 -0.7216 0.0022, -0.0693 -0.7445 0.0, -0.1677 -0.7445 0.0, -0.1677 -1.0004 0.0, -0.0693 -1.0004 0.0, -0.1677 -1.0004 0.0787, -0.0693 -1.0004 0.0787, -0.1677 -0.8311 0.0787, -0.0693 -0.8311 0.0787, -0.1677 -0.8311 0.0197, -0.0693 -0.8311 0.0197
            ]
        }
        coordIndex [
            0,1,2,-1,0,2,3,-1,3,2,4,-1,3,4,5,-1,5,4,6,-1,5,6,7,-1,8,7,9,-1,9,7,6,-1,10,8,11,-1,11,8,9,-1,12,10,13,-1,13,10,11,-1,10,12,8,-1,8,12,14,-1,8,14,7,-1,0,3,14,-1,14,3,5,-1,14,5,7,-1,13,11,15,-1,15,11,9,-1,15,9,6,-1,6,4,15,-1,15,4,2,-1,15,2,1,-1,16,17,18,-1,16,18,19,-1,19,18,20,-1,19,20,21,-1,21,20,22,-1,21,22,23,-1,24,23,25,-1,25,23,22,-1,26,24,27,-1,27,24,25,-1,28,26,29,-1,29,26,27,-1,26,28,24,-1,24,28,30,-1,24,30,23,-1,16,19,30,-1,30,19,21,-1,30,21,23,-1,29,27,31,-1,31,27,25,-1,31,25,22,-1,22,20,31,-1,31,20,18,-1,31,18,17,-1,32,33,34,-1,32,34,35,-1,35,34,36,-1,35,36,37,-1,37,36,38,-1,37,38,39,-1,40,39,41,-1,41,39,38,-1,42,40,43,-1,43,40,41,-1,44,42,45,-1,45,42,43,-1,42,44,40,-1,40,44,46,-1,40,46,39,-1,32,35,46,-1,46,35,37,-1,46,37,39,-1,45,43,47,-1,47,43,41,-1,47,41,38,-1,38,36,47,-1,47,36,34,-1,47,34,33,-1,48,49,50,-1,48,50,51,-1,51,50,52,-1,51,52,53,-1,53,52,54,-1,53,54,55,-1,56,55,57,-1,57,55,54,-1,58,56,59,-1,59,56,57,-1,60,58,61,-1,61,58,59,-1,58,60,56,-1,56,60,62,-1,56,62,55,-1,48,51,62,-1,62,51,53,-1,62,53,55,-1,61,59,63,-1,63,59,57,-1,63,57,54,-1,54,52,63,-1,63,52,50,-1,63,50,49,-1,64,65,66,-1,64,66,67,-1,67,66,68,-1,67,68,69,-1,69,68,70,-1,69,70,71,-1,72,71,73,-1,73,71,70,-1,74,72,75,-1,75,72,73,-1,76,74,77,-1,77,74,75,-1,74,76,72,-1,72,76,78,-1,72,78,71,-1,64,67,78,-1,78,67,69,-1,78,69,71,-1,77,75,79,-1,79,75,73,-1,79,73,70,-1,70,68,79,-1,79,68,66,-1,79,66,65,-1,
        ]
    }
}
Shape{
    appearance Appearance {
        material  Material 	{
            diffuseColor 0.20784313725490197 0.20784313725490197 0.20784313725490197
            specularColor 0.01568627450980392 0.01568627450980392 0.01568627450980392
            ambientIntensity 0.298
            transparency 0.0
            shininess 0.5
        }
    }
    geometry IndexedFaceSet {
        ccw TRUE
        solid FALSE
        coord DEF co Coordinate {
            point [
                -0.3547 -0.9886 0.5765, -0.6992 -0.9886 0.3776, -0.3547 -0.8311 0.5765, -0.6992 -0.8311 0.3776, -0.3547 -0.9886 0.8661, -0.3547 -0.8311 0.8661, -0.9095 -0.9886 0.3776, -0.9095 -0.8311 0.3776, -0.9634 -0.9886 0.4503, -0.959 -0.9886 0.4356, -0.9517 -0.9886 0.4219, -0.9419 -0.9886 0.41, -0.8862 -0.9886 0.8661, -0.9478 -0.9886 0.8365, -0.9572 -0.9886 0.8216, -0.9037 -0.9886 0.8642, -0.9204 -0.9886 0.8583, -0.9353 -0.9886 0.849, -0.963 -0.9886 0.8049, -0.965 -0.9886 0.7874, -0.965 -0.9886 0.4657, 1.4858 -0.9886 0.3776, 1.1413 -0.9886 0.5765, 1.4858 -0.8311 0.3776, 1.1413 -0.8311 0.5765, 1.6961 -0.9886 0.3776, 1.6961 -0.8311 0.3776, 1.1413 -0.9886 0.8661, 1.1413 -0.8311 0.8661, 1.7285 -0.9886 0.41, 1.7456 -0.9886 0.4356, 1.7501 -0.9886 0.4503, 1.7383 -0.9886 0.4219, 1.7516 -0.9886 0.4657, 1.7516 -0.9886 0.7874, 1.6728 -0.9886 0.8661, 1.7496 -0.9886 0.8049, 1.7438 -0.9886 0.8216, 1.7344 -0.9886 0.8365, 1.7219 -0.9886 0.849, 1.707 -0.9886 0.8583, 1.6904 -0.9886 0.8642, -0.965 -0.6736 0.2559, -0.965 -0.4374 0.2559, -0.959 -0.4374 0.2033, -0.959 -0.6736 0.2033, -0.9416 -0.4374 0.1534, -0.9416 -0.6736 0.1534, -0.9134 -0.4374 0.1086, -0.9134 -0.6736 0.1086, -0.876 -0.4374 0.0712, -0.876 -0.6736 0.0712, -0.8312 -0.4374 0.0431, -0.8312 -0.6736 0.0431, -0.7813 -0.4374 0.0256, -0.7813 -0.6736 0.0256, -0.7287 -0.4374 0.0197, -0.7287 -0.6736 0.0197, -0.9634 -0.6736 0.4503, -0.965 -0.6736 0.4657, -0.9419 -0.6736 0.41, -0.9517 -0.6736 0.4219, -0.959 -0.6736 0.4356, -0.3547 -0.6736 0.0197, -0.3547 -0.6736 0.1378, -0.6371 -0.6736 0.1378, -0.6927 -0.6736 0.1609, -0.6524 -0.6736 0.1393, -0.6672 -0.6736 0.1438, -0.6808 -0.6736 0.1511, 1.1413 -0.6736 0.1378, 1.1413 -0.6736 0.0197, 1.4237 -0.6736 0.1378, 1.5154 -0.6736 0.0197, 1.439 -0.6736 0.1393, 1.4538 -0.6736 0.1438, 1.7516 -0.6736 0.4657, 1.7501 -0.6736 0.4503, 1.7516 -0.6736 0.2559, 1.7456 -0.6736 0.4356, 1.7383 -0.6736 0.4219, 1.4674 -0.6736 0.1511, 1.5679 -0.6736 0.0256, 1.4794 -0.6736 0.1609, 1.6178 -0.6736 0.0431, 1.6626 -0.6736 0.0712, 1.7285 -0.6736 0.41, 1.7457 -0.6736 0.2033, 1.7 -0.6736 0.1086, 1.7282 -0.6736 0.1534, 1.5154 -0.4374 0.0197, 1.5679 -0.4374 0.0256, 1.6178 -0.4374 0.0431, 1.6626 -0.4374 0.0712, 1.7 -0.4374 0.1086, 1.7282 -0.4374 0.1534, 1.7457 -0.4374 0.2033, 1.7516 -0.4374 0.2559
            ]
        }
        coordIndex [
            0,1,2,-1,2,1,3,-1,4,0,5,-1,5,0,2,-1,1,6,3,-1,3,6,7,-1,1,0,4,-1,1,4,6,-1,4,8,9,-1,9,10,4,-1,4,10,11,-1,4,11,6,-1,12,13,14,-1,12,15,13,-1,13,15,16,-1,13,16,17,-1,14,18,12,-1,12,18,19,-1,12,19,4,-1,4,19,20,-1,4,20,8,-1,21,22,23,-1,23,22,24,-1,25,21,26,-1,26,21,23,-1,22,27,24,-1,24,27,28,-1,21,25,29,-1,27,22,21,-1,30,31,27,-1,21,29,27,-1,27,29,32,-1,27,32,30,-1,31,33,27,-1,27,33,34,-1,27,34,35,-1,35,34,36,-1,35,36,37,-1,37,38,39,-1,39,40,37,-1,37,40,41,-1,37,41,35,-1,42,43,44,-1,42,44,45,-1,45,44,46,-1,45,46,47,-1,47,46,48,-1,47,48,49,-1,49,48,50,-1,49,50,51,-1,51,50,52,-1,51,52,53,-1,53,52,54,-1,53,54,55,-1,55,54,56,-1,55,56,57,-1,58,59,42,-1,60,61,42,-1,42,61,62,-1,42,62,58,-1,63,64,57,-1,57,64,65,-1,47,49,66,-1,65,67,57,-1,57,67,68,-1,57,68,55,-1,55,68,69,-1,55,69,53,-1,53,69,66,-1,53,66,51,-1,51,66,49,-1,60,42,66,-1,66,42,45,-1,66,45,47,-1,70,71,72,-1,72,71,73,-1,72,73,74,-1,74,73,75,-1,76,77,78,-1,78,77,79,-1,78,79,80,-1,75,73,81,-1,81,73,82,-1,81,82,83,-1,83,82,84,-1,83,84,85,-1,80,86,78,-1,78,86,83,-1,78,83,87,-1,85,88,83,-1,83,88,89,-1,83,89,87,-1,73,90,91,-1,73,91,82,-1,82,91,92,-1,82,92,84,-1,84,92,93,-1,84,93,85,-1,85,93,94,-1,85,94,88,-1,88,94,95,-1,88,95,89,-1,89,95,96,-1,89,96,87,-1,87,96,97,-1,87,97,78,-1,
        ]
    }
}